evidence,target,metric,timestamp,period_seconds,unit,minimum,average,maximum
aurora-cloud-context,aurora,CPUUtilization,2026-10-08 07:33:00-05:00,300,Percent,16.243654822335024,42.54091962424248,63.525944757968475
aurora-cloud-context,aurora,CPUUtilization,2026-10-08 07:38:00-05:00,300,Percent,12.371134020618557,42.5595843706542,63.028977024499966
aurora-cloud-context,aurora,CPUUtilization,2026-10-08 07:43:00-05:00,300,Percent,16.3265306122449,42.143542778658166,60.60606060606061
aurora-cloud-context,aurora,CPUUtilization,2026-10-08 07:48:00-05:00,300,Percent,16.75392670157068,42.93596104444634,62.00165803238868
aurora-cloud-context,aurora,CPUUtilization,2026-10-08 07:53:00-05:00,300,Percent,8.290155440414507,42.54830073912571,59.30875307324433
aurora-cloud-context,aurora,CPUUtilization,2026-10-08 07:58:00-05:00,300,Percent,16.3265306122449,42.78377623677829,64.27356423872126
aurora-cloud-context,aurora,CPUUtilization,2026-10-08 08:03:00-05:00,300,Percent,12.182741116751268,42.127696871579396,60.07784636949028
aurora-cloud-context,aurora,CPUUtilization,2026-10-08 08:08:00-05:00,300,Percent,12.244897959183673,42.182727871260894,57.83886479491572
aurora-cloud-context,aurora,CPUUtilization,2026-10-08 08:13:00-05:00,300,Percent,12.371134020618557,42.61358754554729,61.324532951875355
aurora-cloud-context,aurora,CPUUtilization,2026-10-08 08:18:00-05:00,300,Percent,8.37696335078534,42.84831270173,60.36691993166489
aurora-cloud-context,aurora,CPUUtilization,2026-10-08 08:23:00-05:00,300,Percent,8.333333333333334,42.538209942215865,57.11295231568695
aurora-cloud-context,aurora,CPUUtilization,2026-10-08 08:28:00-05:00,300,Percent,12.435233160621761,42.79034459467351,61.855670103092784
aurora-cloud-context,aurora,CPUUtilization,2026-10-08 08:33:00-05:00,300,Percent,16.41025641025641,42.63467608200892,64.7342016676958
aurora-cloud-context,aurora,CPUUtilization,2026-10-08 08:38:00-05:00,300,Percent,16.3265306122449,42.320813897725806,60.50734967469532
aurora-cloud-context,aurora,CPUUtilization,2026-10-08 08:43:00-05:00,300,Percent,8.24742268041237,41.80061757896957,63.44458152814691
aurora-cloud-context,aurora,CPUUtilization,2026-10-08 08:48:00-05:00,300,Percent,12.307692307692308,42.52067800430717,62.19106238710948
aurora-cloud-context,aurora,CPUUtilization,2026-10-08 08:53:00-05:00,300,Percent,16.41025641025641,42.03543266293227,60.77872155781522
aurora-cloud-context,aurora,CPUUtilization,2026-10-08 08:58:00-05:00,300,Percent,4.2105263157894735,42.037994196008015,59.19239105386035
aurora-cloud-context,aurora,CPUUtilization,2026-10-08 09:03:00-05:00,300,Percent,12.5,42.04432975407113,65.36509568543343
aurora-cloud-context,aurora,CPUUtilization,2026-10-08 09:08:00-05:00,300,Percent,12.371134020618557,41.75642874215973,58.735612019961266
aurora-cloud-context,aurora,CPUUtilization,2026-10-08 09:13:00-05:00,300,Percent,12.307692307692308,41.979173612928484,57.71500210216177
aurora-cloud-context,aurora,CPUUtilization,2026-10-08 09:18:00-05:00,300,Percent,16.41025641025641,43.186395921562664,60.35873487499689
aurora-cloud-context,aurora,CPUUtilization,2026-10-08 09:23:00-05:00,300,Percent,12.244897959183673,42.18020528103456,59.83253400347556
aurora-cloud-context,aurora,CPUUtilization,2026-10-08 09:28:00-05:00,300,Percent,16.3265306122449,42.21846149146028,59.14902706466491
aurora-cloud-context,aurora,CPUUtilization,2026-10-08 09:33:00-05:00,300,Percent,12.307692307692308,41.926980127378194,64.14314948176676
aurora-cloud-context,aurora,CPUUtilization,2026-10-08 09:38:00-05:00,300,Percent,16.3265306122449,41.87641137394495,100.0
aurora-cloud-context,aurora,CPUUtilization,2026-10-08 09:43:00-05:00,300,Percent,16.243654822335024,41.54217087323302,61.6862400087276
aurora-cloud-context,aurora,CPUUtilization,2026-10-08 09:48:00-05:00,300,Percent,12.371134020618557,41.5462403986662,59.96176217972524
aurora-cloud-context,aurora,CPUUtilization,2026-10-08 09:53:00-05:00,300,Percent,16.3265306122449,42.46084164668607,57.23418585070264
aurora-cloud-context,aurora,CPUUtilization,2026-10-08 09:58:00-05:00,300,Percent,12.371134020618557,42.36905424471859,68.2491044371606
aurora-cloud-context,aurora,CPUUtilization,2026-10-08 10:03:00-05:00,300,Percent,16.3265306122449,41.471045479180184,58.05216330897361
aurora-cloud-context,aurora,CPUUtilization,2026-10-08 10:08:00-05:00,300,Percent,12.371134020618557,41.84741445065595,68.22605976987404
aurora-cloud-context,aurora,CPUUtilization,2026-10-08 10:13:00-05:00,300,Percent,12.307692307692308,41.71829008520734,61.62640108603228
aurora-cloud-context,aurora,CPUUtilization,2026-10-08 10:18:00-05:00,300,Percent,16.3265306122449,42.12217408358975,60.80242946480694
aurora-cloud-context,aurora,CPUUtilization,2026-10-08 10:23:00-05:00,300,Percent,16.3265306122449,41.71769770566392,59.58414576365486
aurora-cloud-context,aurora,CPUUtilization,2026-10-08 10:28:00-05:00,300,Percent,16.3265306122449,40.9600052701848,62.961896909921364
aurora-cloud-context,aurora,CPUUtilization,2026-10-08 10:33:00-05:00,300,Percent,12.307692307692308,75.17958060965996,100.0
aurora-cloud-context,aurora,CPUUtilization,2026-10-08 10:38:00-05:00,300,Percent,32.82051282051282,84.97119527256893,100.0
aurora-cloud-context,aurora,CPUUtilization,2026-10-08 10:43:00-05:00,300,Percent,32.82051282051282,88.6439379594586,100.0
aurora-cloud-context,aurora,CPUUtilization,2026-10-08 10:48:00-05:00,300,Percent,37.30569948186528,91.27244609549886,100.0
aurora-cloud-context,aurora,CPUUtilization,2026-10-08 10:53:00-05:00,300,Percent,36.92307692307692,89.99080920440194,100.0
aurora-cloud-context,aurora,CPUUtilization,2026-10-08 10:58:00-05:00,300,Percent,29.319371727748695,91.16886584073926,100.0
aurora-cloud-context,aurora,CPUUtilization,2026-10-08 11:03:00-05:00,300,Percent,36.92307692307692,87.72448760248133,100.0
aurora-cloud-context,aurora,CPUUtilization,2026-10-08 11:08:00-05:00,300,Percent,32.98969072164948,91.03458379280809,100.0
aurora-cloud-context,aurora,CPUUtilization,2026-10-08 11:13:00-05:00,300,Percent,16.49484536082474,83.80726921589412,100.0
aurora-cloud-context,aurora,CPUUtilization,2026-10-08 11:18:00-05:00,300,Percent,37.11340206185567,89.97346486261765,100.0
aurora-cloud-context,aurora,CPUUtilization,2026-10-08 11:23:00-05:00,300,Percent,40.20100502512563,93.08711542545106,100.0
aurora-cloud-context,aurora,CPUUtilization,2026-10-08 11:28:00-05:00,300,Percent,20.61855670103093,97.5924217348585,100.0
aurora-cloud-context,aurora,ServerlessDatabaseCapacity,2026-10-08 07:33:00-05:00,300,None,0.5,0.5,0.5
aurora-cloud-context,aurora,ServerlessDatabaseCapacity,2026-10-08 07:38:00-05:00,300,None,0.5,0.5,0.5
aurora-cloud-context,aurora,ServerlessDatabaseCapacity,2026-10-08 07:43:00-05:00,300,None,0.5,0.5,0.5
aurora-cloud-context,aurora,ServerlessDatabaseCapacity,2026-10-08 07:48:00-05:00,300,None,0.5,0.5,0.5
aurora-cloud-context,aurora,ServerlessDatabaseCapacity,2026-10-08 07:53:00-05:00,300,None,0.5,0.5,0.5
aurora-cloud-context,aurora,ServerlessDatabaseCapacity,2026-10-08 07:58:00-05:00,300,None,0.5,0.5,0.5
aurora-cloud-context,aurora,ServerlessDatabaseCapacity,2026-10-08 08:03:00-05:00,300,None,0.5,0.5,0.5
aurora-cloud-context,aurora,ServerlessDatabaseCapacity,2026-10-08 08:08:00-05:00,300,None,0.5,0.5,0.5
aurora-cloud-context,aurora,ServerlessDatabaseCapacity,2026-10-08 08:13:00-05:00,300,None,0.5,0.5,0.5
aurora-cloud-context,aurora,ServerlessDatabaseCapacity,2026-10-08 08:18:00-05:00,300,None,0.5,0.5,0.5
aurora-cloud-context,aurora,ServerlessDatabaseCapacity,2026-10-08 08:23:00-05:00,300,None,0.5,0.5,0.5
aurora-cloud-context,aurora,ServerlessDatabaseCapacity,2026-10-08 08:28:00-05:00,300,None,0.5,0.5,0.5
aurora-cloud-context,aurora,ServerlessDatabaseCapacity,2026-10-08 08:33:00-05:00,300,None,0.5,0.5,0.5
aurora-cloud-context,aurora,ServerlessDatabaseCapacity,2026-10-08 08:38:00-05:00,300,None,0.5,0.5,0.5
aurora-cloud-context,aurora,ServerlessDatabaseCapacity,2026-10-08 08:43:00-05:00,300,None,0.5,0.5,0.5
aurora-cloud-context,aurora,ServerlessDatabaseCapacity,2026-10-08 08:48:00-05:00,300,None,0.5,0.5,0.5
aurora-cloud-context,aurora,ServerlessDatabaseCapacity,2026-10-08 08:53:00-05:00,300,None,0.5,0.5,0.5
aurora-cloud-context,aurora,ServerlessDatabaseCapacity,2026-10-08 08:58:00-05:00,300,None,0.5,0.5,0.5
aurora-cloud-context,aurora,ServerlessDatabaseCapacity,2026-10-08 09:03:00-05:00,300,None,0.5,0.5,0.5
aurora-cloud-context,aurora,ServerlessDatabaseCapacity,2026-10-08 09:08:00-05:00,300,None,0.5,0.5,0.5
aurora-cloud-context,aurora,ServerlessDatabaseCapacity,2026-10-08 09:13:00-05:00,300,None,0.5,0.5,0.5
aurora-cloud-context,aurora,ServerlessDatabaseCapacity,2026-10-08 09:18:00-05:00,300,None,0.5,0.5,0.5
aurora-cloud-context,aurora,ServerlessDatabaseCapacity,2026-10-08 09:23:00-05:00,300,None,0.5,0.5,0.5
aurora-cloud-context,aurora,ServerlessDatabaseCapacity,2026-10-08 09:28:00-05:00,300,None,0.5,0.5,0.5
aurora-cloud-context,aurora,ServerlessDatabaseCapacity,2026-10-08 09:33:00-05:00,300,None,0.5,0.5,0.5
aurora-cloud-context,aurora,ServerlessDatabaseCapacity,2026-10-08 09:38:00-05:00,300,None,0.5,0.5033333333333333,1.0
aurora-cloud-context,aurora,ServerlessDatabaseCapacity,2026-10-08 09:43:00-05:00,300,None,0.5,0.5,0.5
aurora-cloud-context,aurora,ServerlessDatabaseCapacity,2026-10-08 09:48:00-05:00,300,None,0.5,0.5,0.5
aurora-cloud-context,aurora,ServerlessDatabaseCapacity,2026-10-08 09:53:00-05:00,300,None,0.5,0.5,0.5
aurora-cloud-context,aurora,ServerlessDatabaseCapacity,2026-10-08 09:58:00-05:00,300,None,0.5,0.5,0.5
aurora-cloud-context,aurora,ServerlessDatabaseCapacity,2026-10-08 10:03:00-05:00,300,None,0.5,0.5,0.5
aurora-cloud-context,aurora,ServerlessDatabaseCapacity,2026-10-08 10:08:00-05:00,300,None,0.5,0.5,0.5
aurora-cloud-context,aurora,ServerlessDatabaseCapacity,2026-10-08 10:13:00-05:00,300,None,0.5,0.5,0.5
aurora-cloud-context,aurora,ServerlessDatabaseCapacity,2026-10-08 10:18:00-05:00,300,None,0.5,0.5,0.5
aurora-cloud-context,aurora,ServerlessDatabaseCapacity,2026-10-08 10:23:00-05:00,300,None,0.5,0.5,0.5
aurora-cloud-context,aurora,ServerlessDatabaseCapacity,2026-10-08 10:28:00-05:00,300,None,0.5,0.5,0.5
aurora-cloud-context,aurora,ServerlessDatabaseCapacity,2026-10-08 10:33:00-05:00,300,None,0.5,0.9666666666666667,1.0
aurora-cloud-context,aurora,ServerlessDatabaseCapacity,2026-10-08 10:38:00-05:00,300,None,1.0,1.0,1.0
aurora-cloud-context,aurora,ServerlessDatabaseCapacity,2026-10-08 10:43:00-05:00,300,None,1.0,1.0,1.0
aurora-cloud-context,aurora,ServerlessDatabaseCapacity,2026-10-08 10:48:00-05:00,300,None,1.0,1.0,1.0
aurora-cloud-context,aurora,ServerlessDatabaseCapacity,2026-10-08 10:53:00-05:00,300,None,1.0,1.0,1.0
aurora-cloud-context,aurora,ServerlessDatabaseCapacity,2026-10-08 10:58:00-05:00,300,None,1.0,1.0,1.0
aurora-cloud-context,aurora,ServerlessDatabaseCapacity,2026-10-08 11:03:00-05:00,300,None,1.0,1.0,1.0
aurora-cloud-context,aurora,ServerlessDatabaseCapacity,2026-10-08 11:08:00-05:00,300,None,1.0,1.0,1.0
aurora-cloud-context,aurora,ServerlessDatabaseCapacity,2026-10-08 11:13:00-05:00,300,None,1.0,1.0,1.0
aurora-cloud-context,aurora,ServerlessDatabaseCapacity,2026-10-08 11:18:00-05:00,300,None,1.0,1.0,1.0
aurora-cloud-context,aurora,ServerlessDatabaseCapacity,2026-10-08 11:23:00-05:00,300,None,1.0,1.0,1.0
aurora-cloud-context,aurora,ServerlessDatabaseCapacity,2026-10-08 11:28:00-05:00,300,None,1.0,1.0,1.0
aurora-cloud-context,aurora,ACUUtilization,2026-10-08 07:33:00-05:00,300,Percent,50.0,50.0,50.0
aurora-cloud-context,aurora,ACUUtilization,2026-10-08 07:38:00-05:00,300,Percent,50.0,50.0,50.0
aurora-cloud-context,aurora,ACUUtilization,2026-10-08 07:43:00-05:00,300,Percent,50.0,50.0,50.0
aurora-cloud-context,aurora,ACUUtilization,2026-10-08 07:48:00-05:00,300,Percent,50.0,50.0,50.0
aurora-cloud-context,aurora,ACUUtilization,2026-10-08 07:53:00-05:00,300,Percent,50.0,50.0,50.0
aurora-cloud-context,aurora,ACUUtilization,2026-10-08 07:58:00-05:00,300,Percent,50.0,50.0,50.0
aurora-cloud-context,aurora,ACUUtilization,2026-10-08 08:03:00-05:00,300,Percent,50.0,50.0,50.0
aurora-cloud-context,aurora,ACUUtilization,2026-10-08 08:08:00-05:00,300,Percent,50.0,50.0,50.0
aurora-cloud-context,aurora,ACUUtilization,2026-10-08 08:13:00-05:00,300,Percent,50.0,50.0,50.0
aurora-cloud-context,aurora,ACUUtilization,2026-10-08 08:18:00-05:00,300,Percent,50.0,50.0,50.0
aurora-cloud-context,aurora,ACUUtilization,2026-10-08 08:23:00-05:00,300,Percent,50.0,50.0,50.0
aurora-cloud-context,aurora,ACUUtilization,2026-10-08 08:28:00-05:00,300,Percent,50.0,50.0,50.0
aurora-cloud-context,aurora,ACUUtilization,2026-10-08 08:33:00-05:00,300,Percent,50.0,50.0,50.0
aurora-cloud-context,aurora,ACUUtilization,2026-10-08 08:38:00-05:00,300,Percent,50.0,50.0,50.0
aurora-cloud-context,aurora,ACUUtilization,2026-10-08 08:43:00-05:00,300,Percent,50.0,50.0,50.0
aurora-cloud-context,aurora,ACUUtilization,2026-10-08 08:48:00-05:00,300,Percent,50.0,50.0,50.0
aurora-cloud-context,aurora,ACUUtilization,2026-10-08 08:53:00-05:00,300,Percent,50.0,50.0,50.0
aurora-cloud-context,aurora,ACUUtilization,2026-10-08 08:58:00-05:00,300,Percent,50.0,50.0,50.0
aurora-cloud-context,aurora,ACUUtilization,2026-10-08 09:03:00-05:00,300,Percent,50.0,50.0,50.0
aurora-cloud-context,aurora,ACUUtilization,2026-10-08 09:08:00-05:00,300,Percent,50.0,50.0,50.0
aurora-cloud-context,aurora,ACUUtilization,2026-10-08 09:13:00-05:00,300,Percent,50.0,50.0,50.0
aurora-cloud-context,aurora,ACUUtilization,2026-10-08 09:18:00-05:00,300,Percent,50.0,50.0,50.0
aurora-cloud-context,aurora,ACUUtilization,2026-10-08 09:23:00-05:00,300,Percent,50.0,50.0,50.0
aurora-cloud-context,aurora,ACUUtilization,2026-10-08 09:28:00-05:00,300,Percent,50.0,50.0,50.0
aurora-cloud-context,aurora,ACUUtilization,2026-10-08 09:33:00-05:00,300,Percent,50.0,50.0,50.0
aurora-cloud-context,aurora,ACUUtilization,2026-10-08 09:38:00-05:00,300,Percent,50.0,50.333333333333336,100.0
aurora-cloud-context,aurora,ACUUtilization,2026-10-08 09:43:00-05:00,300,Percent,50.0,50.0,50.0
aurora-cloud-context,aurora,ACUUtilization,2026-10-08 09:48:00-05:00,300,Percent,50.0,50.0,50.0
aurora-cloud-context,aurora,ACUUtilization,2026-10-08 09:53:00-05:00,300,Percent,50.0,50.0,50.0
aurora-cloud-context,aurora,ACUUtilization,2026-10-08 09:58:00-05:00,300,Percent,50.0,50.0,50.0
aurora-cloud-context,aurora,ACUUtilization,2026-10-08 10:03:00-05:00,300,Percent,50.0,50.0,50.0
aurora-cloud-context,aurora,ACUUtilization,2026-10-08 10:08:00-05:00,300,Percent,50.0,50.0,50.0
aurora-cloud-context,aurora,ACUUtilization,2026-10-08 10:13:00-05:00,300,Percent,50.0,50.0,50.0
aurora-cloud-context,aurora,ACUUtilization,2026-10-08 10:18:00-05:00,300,Percent,50.0,50.0,50.0
aurora-cloud-context,aurora,ACUUtilization,2026-10-08 10:23:00-05:00,300,Percent,50.0,50.0,50.0
aurora-cloud-context,aurora,ACUUtilization,2026-10-08 10:28:00-05:00,300,Percent,50.0,50.0,50.0
aurora-cloud-context,aurora,ACUUtilization,2026-10-08 10:33:00-05:00,300,Percent,50.0,96.66666666666667,100.0
aurora-cloud-context,aurora,ACUUtilization,2026-10-08 10:38:00-05:00,300,Percent,100.0,100.0,100.0
aurora-cloud-context,aurora,ACUUtilization,2026-10-08 10:43:00-05:00,300,Percent,100.0,100.0,100.0
aurora-cloud-context,aurora,ACUUtilization,2026-10-08 10:48:00-05:00,300,Percent,100.0,100.0,100.0
aurora-cloud-context,aurora,ACUUtilization,2026-10-08 10:53:00-05:00,300,Percent,100.0,100.0,100.0
aurora-cloud-context,aurora,ACUUtilization,2026-10-08 10:58:00-05:00,300,Percent,100.0,100.0,100.0
aurora-cloud-context,aurora,ACUUtilization,2026-10-08 11:03:00-05:00,300,Percent,100.0,100.0,100.0
aurora-cloud-context,aurora,ACUUtilization,2026-10-08 11:08:00-05:00,300,Percent,100.0,100.0,100.0
aurora-cloud-context,aurora,ACUUtilization,2026-10-08 11:13:00-05:00,300,Percent,100.0,100.0,100.0
aurora-cloud-context,aurora,ACUUtilization,2026-10-08 11:18:00-05:00,300,Percent,100.0,100.0,100.0
aurora-cloud-context,aurora,ACUUtilization,2026-10-08 11:23:00-05:00,300,Percent,100.0,100.0,100.0
aurora-cloud-context,aurora,ACUUtilization,2026-10-08 11:28:00-05:00,300,Percent,100.0,100.0,100.0
aurora-cloud-context,aurora,FreeableMemory,2026-10-08 07:33:00-05:00,300,Bytes,828420096.0,845547260.5866667,856637440.0
aurora-cloud-context,aurora,FreeableMemory,2026-10-08 07:38:00-05:00,300,Bytes,826945536.0,840231321.6,850108416.0
aurora-cloud-context,aurora,FreeableMemory,2026-10-08 07:43:00-05:00,300,Bytes,821858304.0,833458653.8666667,842858496.0
aurora-cloud-context,aurora,FreeableMemory,2026-10-08 07:48:00-05:00,300,Bytes,824627200.0,846429457.0666667,859459584.0
aurora-cloud-context,aurora,FreeableMemory,2026-10-08 07:53:00-05:00,300,Bytes,828874752.0,840855538.3466667,851247104.0
aurora-cloud-context,aurora,FreeableMemory,2026-10-08 07:58:00-05:00,300,Bytes,829575168.0,844012748.8,854073344.0
aurora-cloud-context,aurora,FreeableMemory,2026-10-08 08:03:00-05:00,300,Bytes,810463232.0,836115797.3333334,852951040.0
aurora-cloud-context,aurora,FreeableMemory,2026-10-08 08:08:00-05:00,300,Bytes,812462080.0,830536376.32,842711040.0
aurora-cloud-context,aurora,FreeableMemory,2026-10-08 08:13:00-05:00,300,Bytes,818589696.0,837020685.6533333,847519744.0
aurora-cloud-context,aurora,FreeableMemory,2026-10-08 08:18:00-05:00,300,Bytes,817954816.0,838390633.8133334,857780224.0
aurora-cloud-context,aurora,FreeableMemory,2026-10-08 08:23:00-05:00,300,Bytes,810934272.0,831429823.1466666,853295104.0
aurora-cloud-context,aurora,FreeableMemory,2026-10-08 08:28:00-05:00,300,Bytes,822525952.0,836279473.4933333,852840448.0
aurora-cloud-context,aurora,FreeableMemory,2026-10-08 08:33:00-05:00,300,Bytes,823095296.0,835345039.36,851456000.0
aurora-cloud-context,aurora,FreeableMemory,2026-10-08 08:38:00-05:00,300,Bytes,825757696.0,838950475.0933334,851083264.0
aurora-cloud-context,aurora,FreeableMemory,2026-10-08 08:43:00-05:00,300,Bytes,809766912.0,828162539.52,849788928.0
aurora-cloud-context,aurora,FreeableMemory,2026-10-08 08:48:00-05:00,300,Bytes,817471488.0,827377773.2266667,844648448.0
aurora-cloud-context,aurora,FreeableMemory,2026-10-08 08:53:00-05:00,300,Bytes,812126208.0,836786571.9466667,859197440.0
aurora-cloud-context,aurora,FreeableMemory,2026-10-08 08:58:00-05:00,300,Bytes,826753024.0,838464498.3466667,857276416.0
aurora-cloud-context,aurora,FreeableMemory,2026-10-08 09:03:00-05:00,300,Bytes,820731904.0,837379986.7733333,856461312.0
aurora-cloud-context,aurora,FreeableMemory,2026-10-08 09:08:00-05:00,300,Bytes,826294272.0,843999614.2933333,856137728.0
aurora-cloud-context,aurora,FreeableMemory,2026-10-08 09:13:00-05:00,300,Bytes,827133952.0,841411898.0266666,853524480.0
aurora-cloud-context,aurora,FreeableMemory,2026-10-08 09:18:00-05:00,300,Bytes,793538560.0,821318082.56,850563072.0
aurora-cloud-context,aurora,FreeableMemory,2026-10-08 09:23:00-05:00,300,Bytes,818655232.0,835823015.2533333,853659648.0
aurora-cloud-context,aurora,FreeableMemory,2026-10-08 09:28:00-05:00,300,Bytes,830689280.0,839563659.9466667,854786048.0
aurora-cloud-context,aurora,FreeableMemory,2026-10-08 09:33:00-05:00,300,Bytes,821858304.0,840063126.1866666,852721664.0
aurora-cloud-context,aurora,FreeableMemory,2026-10-08 09:38:00-05:00,300,Bytes,834990080.0,847083328.8533334,858320896.0
aurora-cloud-context,aurora,FreeableMemory,2026-10-08 09:43:00-05:00,300,Bytes,837857280.0,849513144.32,859267072.0
aurora-cloud-context,aurora,FreeableMemory,2026-10-08 09:48:00-05:00,300,Bytes,831184896.0,847488245.76,860217344.0
aurora-cloud-context,aurora,FreeableMemory,2026-10-08 09:53:00-05:00,300,Bytes,815538176.0,834247898.4533334,850931712.0
aurora-cloud-context,aurora,FreeableMemory,2026-10-08 09:58:00-05:00,300,Bytes,822943744.0,841231892.48,854192128.0
aurora-cloud-context,aurora,FreeableMemory,2026-10-08 10:03:00-05:00,300,Bytes,828125184.0,847740736.8533334,860184576.0
aurora-cloud-context,aurora,FreeableMemory,2026-10-08 10:08:00-05:00,300,Bytes,840728576.0,851224234.6666666,860606464.0
aurora-cloud-context,aurora,FreeableMemory,2026-10-08 10:13:00-05:00,300,Bytes,831676416.0,843871928.32,855146496.0
aurora-cloud-context,aurora,FreeableMemory,2026-10-08 10:18:00-05:00,300,Bytes,819519488.0,841693921.28,855126016.0
aurora-cloud-context,aurora,FreeableMemory,2026-10-08 10:23:00-05:00,300,Bytes,798244864.0,815764794.0266666,838430720.0
aurora-cloud-context,aurora,FreeableMemory,2026-10-08 10:28:00-05:00,300,Bytes,816652288.0,831124753.0666667,848367616.0
aurora-cloud-context,aurora,FreeableMemory,2026-10-08 10:33:00-05:00,300,Bytes,417370112.0,596517464.7466667,845828096.0
aurora-cloud-context,aurora,FreeableMemory,2026-10-08 10:38:00-05:00,300,Bytes,342925312.0,432726411.94666666,475312128.0
aurora-cloud-context,aurora,FreeableMemory,2026-10-08 10:43:00-05:00,300,Bytes,257282048.0,376311152.64,433815552.0
aurora-cloud-context,aurora,FreeableMemory,2026-10-08 10:48:00-05:00,300,Bytes,261181440.0,383111563.94666666,415793152.0
aurora-cloud-context,aurora,FreeableMemory,2026-10-08 10:53:00-05:00,300,Bytes,302026752.0,400479805.44,439910400.0
aurora-cloud-context,aurora,FreeableMemory,2026-10-08 10:58:00-05:00,300,Bytes,235950080.0,349892171.0933333,425259008.0
aurora-cloud-context,aurora,FreeableMemory,2026-10-08 11:03:00-05:00,300,Bytes,311468032.0,363985346.56,407023616.0
aurora-cloud-context,aurora,FreeableMemory,2026-10-08 11:08:00-05:00,300,Bytes,273408000.0,360293908.48,405434368.0
aurora-cloud-context,aurora,FreeableMemory,2026-10-08 11:13:00-05:00,300,Bytes,246370304.0,337291059.2,386146304.0
aurora-cloud-context,aurora,FreeableMemory,2026-10-08 11:18:00-05:00,300,Bytes,240357376.0,310779685.5466667,359350272.0
aurora-cloud-context,aurora,FreeableMemory,2026-10-08 11:23:00-05:00,300,Bytes,258789376.0,373273408.85333335,432123904.0
aurora-cloud-context,aurora,FreeableMemory,2026-10-08 11:28:00-05:00,300,Bytes,276185088.0,387641671.68,444452864.0
aurora-cloud-context,aurora,BufferCacheHitRatio,2026-10-08 07:33:00-05:00,300,Percent,100.0,100.0,100.0
aurora-cloud-context,aurora,BufferCacheHitRatio,2026-10-08 07:38:00-05:00,300,Percent,100.0,100.0,100.0
aurora-cloud-context,aurora,BufferCacheHitRatio,2026-10-08 07:43:00-05:00,300,Percent,100.0,100.0,100.0
aurora-cloud-context,aurora,BufferCacheHitRatio,2026-10-08 07:48:00-05:00,300,Percent,100.0,100.0,100.0
aurora-cloud-context,aurora,BufferCacheHitRatio,2026-10-08 07:53:00-05:00,300,Percent,100.0,100.0,100.0
aurora-cloud-context,aurora,BufferCacheHitRatio,2026-10-08 07:58:00-05:00,300,Percent,100.0,100.0,100.0
aurora-cloud-context,aurora,BufferCacheHitRatio,2026-10-08 08:03:00-05:00,300,Percent,100.0,100.0,100.0
aurora-cloud-context,aurora,BufferCacheHitRatio,2026-10-08 08:08:00-05:00,300,Percent,100.0,100.0,100.0
aurora-cloud-context,aurora,BufferCacheHitRatio,2026-10-08 08:13:00-05:00,300,Percent,100.0,100.0,100.0
aurora-cloud-context,aurora,BufferCacheHitRatio,2026-10-08 08:18:00-05:00,300,Percent,100.0,100.0,100.0
aurora-cloud-context,aurora,BufferCacheHitRatio,2026-10-08 08:23:00-05:00,300,Percent,100.0,100.0,100.0
aurora-cloud-context,aurora,BufferCacheHitRatio,2026-10-08 08:28:00-05:00,300,Percent,100.0,100.0,100.0
aurora-cloud-context,aurora,BufferCacheHitRatio,2026-10-08 08:33:00-05:00,300,Percent,100.0,100.0,100.0
aurora-cloud-context,aurora,BufferCacheHitRatio,2026-10-08 08:38:00-05:00,300,Percent,100.0,100.0,100.0
aurora-cloud-context,aurora,BufferCacheHitRatio,2026-10-08 08:43:00-05:00,300,Percent,100.0,100.0,100.0
aurora-cloud-context,aurora,BufferCacheHitRatio,2026-10-08 08:48:00-05:00,300,Percent,100.0,100.0,100.0
aurora-cloud-context,aurora,BufferCacheHitRatio,2026-10-08 08:53:00-05:00,300,Percent,100.0,100.0,100.0
aurora-cloud-context,aurora,BufferCacheHitRatio,2026-10-08 08:58:00-05:00,300,Percent,100.0,100.0,100.0
aurora-cloud-context,aurora,BufferCacheHitRatio,2026-10-08 09:03:00-05:00,300,Percent,100.0,100.0,100.0
aurora-cloud-context,aurora,BufferCacheHitRatio,2026-10-08 09:08:00-05:00,300,Percent,100.0,100.0,100.0
aurora-cloud-context,aurora,BufferCacheHitRatio,2026-10-08 09:13:00-05:00,300,Percent,100.0,100.0,100.0
aurora-cloud-context,aurora,BufferCacheHitRatio,2026-10-08 09:18:00-05:00,300,Percent,100.0,100.0,100.0
aurora-cloud-context,aurora,BufferCacheHitRatio,2026-10-08 09:23:00-05:00,300,Percent,100.0,100.0,100.0
aurora-cloud-context,aurora,BufferCacheHitRatio,2026-10-08 09:28:00-05:00,300,Percent,100.0,100.0,100.0
aurora-cloud-context,aurora,BufferCacheHitRatio,2026-10-08 09:33:00-05:00,300,Percent,100.0,100.0,100.0
aurora-cloud-context,aurora,BufferCacheHitRatio,2026-10-08 09:38:00-05:00,300,Percent,100.0,100.0,100.0
aurora-cloud-context,aurora,BufferCacheHitRatio,2026-10-08 09:43:00-05:00,300,Percent,100.0,100.0,100.0
aurora-cloud-context,aurora,BufferCacheHitRatio,2026-10-08 09:48:00-05:00,300,Percent,100.0,100.0,100.0
aurora-cloud-context,aurora,BufferCacheHitRatio,2026-10-08 09:53:00-05:00,300,Percent,100.0,100.0,100.0
aurora-cloud-context,aurora,BufferCacheHitRatio,2026-10-08 09:58:00-05:00,300,Percent,100.0,100.0,100.0
aurora-cloud-context,aurora,BufferCacheHitRatio,2026-10-08 10:03:00-05:00,300,Percent,100.0,100.0,100.0
aurora-cloud-context,aurora,BufferCacheHitRatio,2026-10-08 10:08:00-05:00,300,Percent,100.0,100.0,100.0
aurora-cloud-context,aurora,BufferCacheHitRatio,2026-10-08 10:13:00-05:00,300,Percent,100.0,100.0,100.0
aurora-cloud-context,aurora,BufferCacheHitRatio,2026-10-08 10:18:00-05:00,300,Percent,100.0,100.0,100.0
aurora-cloud-context,aurora,BufferCacheHitRatio,2026-10-08 10:23:00-05:00,300,Percent,100.0,100.0,100.0
aurora-cloud-context,aurora,BufferCacheHitRatio,2026-10-08 10:28:00-05:00,300,Percent,100.0,100.0,100.0
aurora-cloud-context,aurora,BufferCacheHitRatio,2026-10-08 10:33:00-05:00,300,Percent,99.10516195829018,99.52024362604793,99.97681061264153
aurora-cloud-context,aurora,BufferCacheHitRatio,2026-10-08 10:38:00-05:00,300,Percent,98.92392271301007,99.13596754456657,99.21787854725578
aurora-cloud-context,aurora,BufferCacheHitRatio,2026-10-08 10:43:00-05:00,300,Percent,95.93151246434503,98.35916346720808,99.23447601773256
aurora-cloud-context,aurora,BufferCacheHitRatio,2026-10-08 10:48:00-05:00,300,Percent,94.47533312658382,95.91915446721359,97.57582360432048
aurora-cloud-context,aurora,BufferCacheHitRatio,2026-10-08 10:53:00-05:00,300,Percent,95.05799841022295,95.97760582837785,97.31412736404991
aurora-cloud-context,aurora,BufferCacheHitRatio,2026-10-08 10:58:00-05:00,300,Percent,95.22657907740604,96.57064182146969,98.05648985201134
aurora-cloud-context,aurora,BufferCacheHitRatio,2026-10-08 11:03:00-05:00,300,Percent,95.06742504143439,95.66131043235194,96.15230135171278
aurora-cloud-context,aurora,BufferCacheHitRatio,2026-10-08 11:08:00-05:00,300,Percent,95.33461406654598,96.0052477456386,97.4998182588156
aurora-cloud-context,aurora,BufferCacheHitRatio,2026-10-08 11:13:00-05:00,300,Percent,96.2833121986713,98.4760967419001,99.95698638688867
aurora-cloud-context,aurora,BufferCacheHitRatio,2026-10-08 11:18:00-05:00,300,Percent,95.81527085608035,97.10059332374608,98.32535258293149
aurora-cloud-context,aurora,BufferCacheHitRatio,2026-10-08 11:23:00-05:00,300,Percent,95.89337491167035,98.0646811208437,99.92615555254056
aurora-cloud-context,aurora,BufferCacheHitRatio,2026-10-08 11:28:00-05:00,300,Percent,98.26744332722211,99.32993395373384,99.9862219258015
aurora-cloud-context,aurora,VolumeWriteIOPs,2026-10-08 07:33:00-05:00,300,Count,926.0,926.0,926.0
aurora-cloud-context,aurora,VolumeWriteIOPs,2026-10-08 07:38:00-05:00,300,Count,926.0,926.0,926.0
aurora-cloud-context,aurora,VolumeWriteIOPs,2026-10-08 07:43:00-05:00,300,Count,926.0,926.0,926.0
aurora-cloud-context,aurora,VolumeWriteIOPs,2026-10-08 07:48:00-05:00,300,Count,926.0,926.0,926.0
aurora-cloud-context,aurora,VolumeWriteIOPs,2026-10-08 07:53:00-05:00,300,Count,925.0,925.0,925.0
aurora-cloud-context,aurora,VolumeWriteIOPs,2026-10-08 07:58:00-05:00,300,Count,925.0,925.0,925.0
aurora-cloud-context,aurora,VolumeWriteIOPs,2026-10-08 08:03:00-05:00,300,Count,1070.0,1070.0,1070.0
aurora-cloud-context,aurora,VolumeWriteIOPs,2026-10-08 08:08:00-05:00,300,Count,1070.0,1070.0,1070.0
aurora-cloud-context,aurora,VolumeWriteIOPs,2026-10-08 08:13:00-05:00,300,Count,1070.0,1070.0,1070.0
aurora-cloud-context,aurora,VolumeWriteIOPs,2026-10-08 08:18:00-05:00,300,Count,1070.0,1070.0,1070.0
aurora-cloud-context,aurora,VolumeWriteIOPs,2026-10-08 08:23:00-05:00,300,Count,1070.0,1070.0,1070.0
aurora-cloud-context,aurora,VolumeWriteIOPs,2026-10-08 08:28:00-05:00,300,Count,1069.0,1069.0,1069.0
aurora-cloud-context,aurora,VolumeWriteIOPs,2026-10-08 08:33:00-05:00,300,Count,1069.0,1069.0,1069.0
aurora-cloud-context,aurora,VolumeWriteIOPs,2026-10-08 08:38:00-05:00,300,Count,1069.0,1069.0,1069.0
aurora-cloud-context,aurora,VolumeWriteIOPs,2026-10-08 08:43:00-05:00,300,Count,1069.0,1069.0,1069.0
aurora-cloud-context,aurora,VolumeWriteIOPs,2026-10-08 08:48:00-05:00,300,Count,1069.0,1069.0,1069.0
aurora-cloud-context,aurora,VolumeWriteIOPs,2026-10-08 08:53:00-05:00,300,Count,1069.0,1069.0,1069.0
aurora-cloud-context,aurora,VolumeWriteIOPs,2026-10-08 08:58:00-05:00,300,Count,1069.0,1069.0,1069.0
aurora-cloud-context,aurora,VolumeWriteIOPs,2026-10-08 09:03:00-05:00,300,Count,1024.0,1024.0,1024.0
aurora-cloud-context,aurora,VolumeWriteIOPs,2026-10-08 09:08:00-05:00,300,Count,1024.0,1024.0,1024.0
aurora-cloud-context,aurora,VolumeWriteIOPs,2026-10-08 09:13:00-05:00,300,Count,1024.0,1024.0,1024.0
aurora-cloud-context,aurora,VolumeWriteIOPs,2026-10-08 09:18:00-05:00,300,Count,1024.0,1024.0,1024.0
aurora-cloud-context,aurora,VolumeWriteIOPs,2026-10-08 09:23:00-05:00,300,Count,1024.0,1024.0,1024.0
aurora-cloud-context,aurora,VolumeWriteIOPs,2026-10-08 09:28:00-05:00,300,Count,1024.0,1024.0,1024.0
aurora-cloud-context,aurora,VolumeWriteIOPs,2026-10-08 09:33:00-05:00,300,Count,1024.0,1024.0,1024.0
aurora-cloud-context,aurora,VolumeWriteIOPs,2026-10-08 09:38:00-05:00,300,Count,1024.0,1024.0,1024.0
aurora-cloud-context,aurora,VolumeWriteIOPs,2026-10-08 09:43:00-05:00,300,Count,1024.0,1024.0,1024.0
aurora-cloud-context,aurora,VolumeWriteIOPs,2026-10-08 09:48:00-05:00,300,Count,1023.0,1023.0,1023.0
aurora-cloud-context,aurora,VolumeWriteIOPs,2026-10-08 09:53:00-05:00,300,Count,1023.0,1023.0,1023.0
aurora-cloud-context,aurora,VolumeWriteIOPs,2026-10-08 09:58:00-05:00,300,Count,1023.0,1023.0,1023.0
aurora-cloud-context,aurora,VolumeWriteIOPs,2026-10-08 10:03:00-05:00,300,Count,1023.0,1023.0,1023.0
aurora-cloud-context,aurora,VolumeWriteIOPs,2026-10-08 10:08:00-05:00,300,Count,44806.0,44806.0,44806.0
aurora-cloud-context,aurora,VolumeWriteIOPs,2026-10-08 10:13:00-05:00,300,Count,44805.0,44805.0,44805.0
aurora-cloud-context,aurora,VolumeWriteIOPs,2026-10-08 10:18:00-05:00,300,Count,44805.0,44805.0,44805.0
aurora-cloud-context,aurora,VolumeWriteIOPs,2026-10-08 10:23:00-05:00,300,Count,44805.0,44805.0,44805.0
aurora-cloud-context,aurora,VolumeWriteIOPs,2026-10-08 10:28:00-05:00,300,Count,44805.0,44805.0,44805.0
aurora-cloud-context,aurora,VolumeWriteIOPs,2026-10-08 10:33:00-05:00,300,Count,44805.0,44805.0,44805.0
aurora-cloud-context,aurora,VolumeWriteIOPs,2026-10-08 10:38:00-05:00,300,Count,44805.0,44805.0,44805.0
aurora-cloud-context,aurora,VolumeWriteIOPs,2026-10-08 10:43:00-05:00,300,Count,44805.0,44805.0,44805.0
aurora-cloud-context,aurora,VolumeWriteIOPs,2026-10-08 10:48:00-05:00,300,Count,44805.0,44805.0,44805.0
aurora-cloud-context,aurora,VolumeWriteIOPs,2026-10-08 10:53:00-05:00,300,Count,44805.0,44805.0,44805.0
aurora-cloud-context,aurora,VolumeWriteIOPs,2026-10-08 10:58:00-05:00,300,Count,44805.0,44805.0,44805.0
aurora-cloud-context,aurora,VolumeWriteIOPs,2026-10-08 11:03:00-05:00,300,Count,44805.0,44805.0,44805.0
aurora-cloud-context,aurora,VolumeWriteIOPs,2026-10-08 11:08:00-05:00,300,Count,44805.0,44805.0,44805.0
aurora-cloud-context,aurora,VolumeWriteIOPs,2026-10-08 11:13:00-05:00,300,Count,44805.0,44805.0,44805.0
aurora-cloud-context,aurora,VolumeReadIOPs,2026-10-08 07:33:00-05:00,300,Count,0.0,0.0,0.0
aurora-cloud-context,aurora,VolumeReadIOPs,2026-10-08 07:38:00-05:00,300,Count,0.0,0.0,0.0
aurora-cloud-context,aurora,VolumeReadIOPs,2026-10-08 07:43:00-05:00,300,Count,0.0,0.0,0.0
aurora-cloud-context,aurora,VolumeReadIOPs,2026-10-08 07:48:00-05:00,300,Count,0.0,0.0,0.0
aurora-cloud-context,aurora,VolumeReadIOPs,2026-10-08 07:53:00-05:00,300,Count,0.0,0.0,0.0
aurora-cloud-context,aurora,VolumeReadIOPs,2026-10-08 07:58:00-05:00,300,Count,0.0,0.0,0.0
aurora-cloud-context,aurora,VolumeReadIOPs,2026-10-08 08:03:00-05:00,300,Count,0.0,0.0,0.0
aurora-cloud-context,aurora,VolumeReadIOPs,2026-10-08 08:08:00-05:00,300,Count,0.0,0.0,0.0
aurora-cloud-context,aurora,VolumeReadIOPs,2026-10-08 08:13:00-05:00,300,Count,0.0,0.0,0.0
aurora-cloud-context,aurora,VolumeReadIOPs,2026-10-08 08:18:00-05:00,300,Count,0.0,0.0,0.0
aurora-cloud-context,aurora,VolumeReadIOPs,2026-10-08 08:23:00-05:00,300,Count,0.0,0.0,0.0
aurora-cloud-context,aurora,VolumeReadIOPs,2026-10-08 08:28:00-05:00,300,Count,0.0,0.0,0.0
aurora-cloud-context,aurora,VolumeReadIOPs,2026-10-08 08:33:00-05:00,300,Count,0.0,0.0,0.0
aurora-cloud-context,aurora,VolumeReadIOPs,2026-10-08 08:38:00-05:00,300,Count,0.0,0.0,0.0
aurora-cloud-context,aurora,VolumeReadIOPs,2026-10-08 08:43:00-05:00,300,Count,0.0,0.0,0.0
aurora-cloud-context,aurora,VolumeReadIOPs,2026-10-08 08:48:00-05:00,300,Count,0.0,0.0,0.0
aurora-cloud-context,aurora,VolumeReadIOPs,2026-10-08 08:53:00-05:00,300,Count,0.0,0.0,0.0
aurora-cloud-context,aurora,VolumeReadIOPs,2026-10-08 08:58:00-05:00,300,Count,0.0,0.0,0.0
aurora-cloud-context,aurora,VolumeReadIOPs,2026-10-08 09:03:00-05:00,300,Count,0.0,0.0,0.0
aurora-cloud-context,aurora,VolumeReadIOPs,2026-10-08 09:08:00-05:00,300,Count,0.0,0.0,0.0
aurora-cloud-context,aurora,VolumeReadIOPs,2026-10-08 09:13:00-05:00,300,Count,0.0,0.0,0.0
aurora-cloud-context,aurora,VolumeReadIOPs,2026-10-08 09:18:00-05:00,300,Count,0.0,0.0,0.0
aurora-cloud-context,aurora,VolumeReadIOPs,2026-10-08 09:23:00-05:00,300,Count,0.0,0.0,0.0
aurora-cloud-context,aurora,VolumeReadIOPs,2026-10-08 09:28:00-05:00,300,Count,0.0,0.0,0.0
aurora-cloud-context,aurora,VolumeReadIOPs,2026-10-08 09:33:00-05:00,300,Count,0.0,0.0,0.0
aurora-cloud-context,aurora,VolumeReadIOPs,2026-10-08 09:38:00-05:00,300,Count,0.0,0.0,0.0
aurora-cloud-context,aurora,VolumeReadIOPs,2026-10-08 09:43:00-05:00,300,Count,0.0,0.0,0.0
aurora-cloud-context,aurora,VolumeReadIOPs,2026-10-08 09:48:00-05:00,300,Count,0.0,0.0,0.0
aurora-cloud-context,aurora,VolumeReadIOPs,2026-10-08 09:53:00-05:00,300,Count,0.0,0.0,0.0
aurora-cloud-context,aurora,VolumeReadIOPs,2026-10-08 09:58:00-05:00,300,Count,0.0,0.0,0.0
aurora-cloud-context,aurora,VolumeReadIOPs,2026-10-08 10:03:00-05:00,300,Count,0.0,0.0,0.0
aurora-cloud-context,aurora,VolumeReadIOPs,2026-10-08 10:08:00-05:00,300,Count,27216.0,27216.0,27216.0
aurora-cloud-context,aurora,VolumeReadIOPs,2026-10-08 10:13:00-05:00,300,Count,27216.0,27216.0,27216.0
aurora-cloud-context,aurora,VolumeReadIOPs,2026-10-08 10:18:00-05:00,300,Count,27216.0,27216.0,27216.0
aurora-cloud-context,aurora,VolumeReadIOPs,2026-10-08 10:23:00-05:00,300,Count,27216.0,27216.0,27216.0
aurora-cloud-context,aurora,VolumeReadIOPs,2026-10-08 10:28:00-05:00,300,Count,27216.0,27216.0,27216.0
aurora-cloud-context,aurora,VolumeReadIOPs,2026-10-08 10:33:00-05:00,300,Count,27216.0,27216.0,27216.0
aurora-cloud-context,aurora,VolumeReadIOPs,2026-10-08 10:38:00-05:00,300,Count,27216.0,27216.0,27216.0
aurora-cloud-context,aurora,VolumeReadIOPs,2026-10-08 10:43:00-05:00,300,Count,27216.0,27216.0,27216.0
aurora-cloud-context,aurora,VolumeReadIOPs,2026-10-08 10:48:00-05:00,300,Count,27216.0,27216.0,27216.0
aurora-cloud-context,aurora,VolumeReadIOPs,2026-10-08 10:53:00-05:00,300,Count,27216.0,27216.0,27216.0
aurora-cloud-context,aurora,VolumeReadIOPs,2026-10-08 10:58:00-05:00,300,Count,27216.0,27216.0,27216.0
aurora-cloud-context,aurora,VolumeReadIOPs,2026-10-08 11:03:00-05:00,300,Count,27215.0,27215.0,27215.0
aurora-cloud-context,aurora,VolumeReadIOPs,2026-10-08 11:08:00-05:00,300,Count,27215.0,27215.0,27215.0
aurora-cloud-context,aurora,VolumeReadIOPs,2026-10-08 11:13:00-05:00,300,Count,27215.0,27215.0,27215.0
