evidence,target,parent_rows,profile,table,rows,storage_bytes,min_bytes,max_bytes,mean_bytes,p50_bytes,p95_bytes,p99_bytes,nulls,empty_strings,logical_body_bytes
pg17-main,postgres:17,4096,typical,notification_event,4096,38420480,0,51200,22723.757018887187,20480,51200,51200,178,135,89031680
pg17-main,postgres:17,4096,typical,delivery_queue,4096,13991936,0,8192,5191.089331291475,4096,8192,8192,178,135,20338688
pg17-main,postgres:17,4096,tail,notification_event,4096,61595648,0,1048576,40539.73660030628,20480,51200,204800,178,135,158834688
pg17-main,postgres:17,4096,tail,delivery_queue,4096,14385152,0,8192,5191.089331291475,4096,8192,8192,178,135,20338688
pg17-main,postgres:17,4096,skew,notification_event,4096,61595648,0,1048576,40539.73660030628,20480,51200,204800,178,135,158834688
pg17-main,postgres:17,4096,skew,delivery_queue,4096,14385152,0,8192,5191.089331291475,4096,8192,8192,178,135,20338688
pg16-main,postgres:16,4096,typical,notification_event,4096,38420480,0,51200,22723.757018887187,20480,51200,51200,178,135,89031680
pg16-main,postgres:16,4096,typical,delivery_queue,4096,13991936,0,8192,5191.089331291475,4096,8192,8192,178,135,20338688
pg16-main,postgres:16,4096,tail,notification_event,4096,61595648,0,1048576,40539.73660030628,20480,51200,204800,178,135,158834688
pg16-main,postgres:16,4096,tail,delivery_queue,4096,14385152,0,8192,5191.089331291475,4096,8192,8192,178,135,20338688
pg16-main,postgres:16,4096,skew,notification_event,4096,61595648,0,1048576,40539.73660030628,20480,51200,204800,178,135,158834688
pg16-main,postgres:16,4096,skew,delivery_queue,4096,14385152,0,8192,5191.089331291475,4096,8192,8192,178,135,20338688
pg17-larger-tail,postgres:17,16384,tail,notification_event,16384,245989376,0,1048576,40516.933129147525,20480,51200,204800,712,540,634981376
pg17-larger-tail,postgres:17,16384,tail,delivery_queue,16384,57262080,0,8192,5190.762633996937,4096,8192,8192,712,540,81349632
pg17-daily-payload,postgres:17,4096,typical,notification_event,4096,38420480,0,51200,22723.757018887187,20480,51200,51200,178,135,89031680
pg17-daily-payload,postgres:17,4096,typical,delivery_queue,4096,13991936,0,8192,5191.089331291475,4096,8192,8192,178,135,20338688
pg17-daily-payload,postgres:17,4096,tail,notification_event,4096,61595648,0,1048576,40539.73660030628,20480,51200,204800,178,135,158834688
pg17-daily-payload,postgres:17,4096,tail,delivery_queue,4096,14385152,0,8192,5191.089331291475,4096,8192,8192,178,135,20338688
pg17-daily-payload,postgres:17,4096,skew,notification_event,4096,61595648,0,1048576,40539.73660030628,20480,51200,204800,178,135,158834688
pg17-daily-payload,postgres:17,4096,skew,delivery_queue,4096,14385152,0,8192,5191.089331291475,4096,8192,8192,178,135,20338688
pg16-daily-payload,postgres:16,4096,typical,notification_event,4096,38420480,0,51200,22723.757018887187,20480,51200,51200,178,135,89031680
pg16-daily-payload,postgres:16,4096,typical,delivery_queue,4096,13991936,0,8192,5191.089331291475,4096,8192,8192,178,135,20338688
pg16-daily-payload,postgres:16,4096,tail,notification_event,4096,61595648,0,1048576,40539.73660030628,20480,51200,204800,178,135,158834688
pg16-daily-payload,postgres:16,4096,tail,delivery_queue,4096,14385152,0,8192,5191.089331291475,4096,8192,8192,178,135,20338688
pg16-daily-payload,postgres:16,4096,skew,notification_event,4096,61595648,0,1048576,40539.73660030628,20480,51200,204800,178,135,158834688
pg16-daily-payload,postgres:16,4096,skew,delivery_queue,4096,14385152,0,8192,5191.089331291475,4096,8192,8192,178,135,20338688
pg17-batch64,postgres:17,4096,typical,notification_event,4096,38420480,0,51200,22723.757018887187,20480,51200,51200,178,135,89031680
pg17-batch64,postgres:17,4096,typical,delivery_queue,4096,13991936,0,8192,5191.089331291475,4096,8192,8192,178,135,20338688
pg17-batch1024,postgres:17,4096,typical,notification_event,4096,38420480,0,51200,22723.757018887187,20480,51200,51200,178,135,89031680
pg17-batch1024,postgres:17,4096,typical,delivery_queue,4096,13991936,0,8192,5191.089331291475,4096,8192,8192,178,135,20338688
pg17-no-fk-index,postgres:17,4096,typical,notification_event,4096,38420480,0,51200,22723.757018887187,20480,51200,51200,178,135,89031680
pg17-no-fk-index,postgres:17,4096,typical,delivery_queue,4096,13991936,0,8192,5191.089331291475,4096,8192,8192,178,135,20338688
aurora-main,aurora,4096,typical,notification_event,4096,38445056,0,51200,22723.757018887187,20480,51200,51200,178,135,89031680
aurora-main,aurora,4096,typical,delivery_queue,4096,14000128,0,8192,5191.089331291475,4096,8192,8192,178,135,20338688
aurora-main,aurora,4096,tail,notification_event,4096,61612032,0,1048576,40539.73660030628,20480,51200,204800,178,135,158834688
aurora-main,aurora,4096,tail,delivery_queue,4096,14376960,0,8192,5191.089331291475,4096,8192,8192,178,135,20338688
aurora-main,aurora,4096,skew,notification_event,4096,61620224,0,1048576,40539.73660030628,20480,51200,204800,178,135,158834688
aurora-main,aurora,4096,skew,delivery_queue,4096,14385152,0,8192,5191.089331291475,4096,8192,8192,178,135,20338688
pg17-larger-typical,postgres:17,32768,typical,notification_event,32768,306888704,0,51200,22739.601837672282,20480,51200,51200,1424,1080,712750080
pg17-larger-typical,postgres:17,32768,typical,delivery_queue,32768,111640576,0,8192,5190.893312914753,4096,8192,8192,1424,1080,162703360
aurora-daily-payload,aurora,4096,typical,notification_event,4096,38453248,0,51200,22723.757018887187,20480,51200,51200,178,135,89031680
aurora-daily-payload,aurora,4096,typical,delivery_queue,4096,14008320,0,8192,5191.089331291475,4096,8192,8192,178,135,20338688
aurora-daily-payload,aurora,4096,tail,notification_event,4096,61612032,0,1048576,40539.73660030628,20480,51200,204800,178,135,158834688
aurora-daily-payload,aurora,4096,tail,delivery_queue,4096,14385152,0,8192,5191.089331291475,4096,8192,8192,178,135,20338688
aurora-daily-payload,aurora,4096,skew,notification_event,4096,61620224,0,1048576,40539.73660030628,20480,51200,204800,178,135,158834688
aurora-daily-payload,aurora,4096,skew,delivery_queue,4096,14385152,0,8192,5191.089331291475,4096,8192,8192,178,135,20338688
