evidence,target,method,parameters,mean_ms,stddev_ms,retained_iterations,allocated_bytes_per_operation
pg17-dotnet,postgres:17,ReadParentById,Partitioned=False&AutoPrepare=False,0.6231047227777778,0.08201219571309498,9,130148
pg17-dotnet,postgres:17,ReadParentQualified,Partitioned=False&AutoPrepare=False,0.6114290029999999,0.04816241169364065,10,131698
pg17-dotnet,postgres:17,ReadParentByExternalReference,Partitioned=False&AutoPrepare=False,0.9278923280000001,0.06627267636680308,10,130602
pg17-dotnet,postgres:17,ReadGraphSingleQuery,Partitioned=False&AutoPrepare=False,1.1802392519999998,0.04322710767234991,10,165917
pg17-dotnet,postgres:17,ReadGraphSplitQuery,Partitioned=False&AutoPrepare=False,1.306810751,0.1374580765557408,10,179262
pg17-dotnet,postgres:17,RescheduleTrackedQueueRollback,Partitioned=False&AutoPrepare=False,1.397402499,0.06845217304036062,10,77244
pg17-dotnet,postgres:17,ReadParentById,Partitioned=False&AutoPrepare=True,0.6189516155555556,0.07837013423105865,9,129328
pg17-dotnet,postgres:17,ReadParentQualified,Partitioned=False&AutoPrepare=True,0.6244763427777779,0.03522938776915226,9,130874
pg17-dotnet,postgres:17,ReadParentByExternalReference,Partitioned=False&AutoPrepare=True,0.88618204,0.0541696198455155,10,129781
pg17-dotnet,postgres:17,ReadGraphSingleQuery,Partitioned=False&AutoPrepare=True,0.9356564612499999,0.010951715252835227,8,166212
pg17-dotnet,postgres:17,ReadGraphSplitQuery,Partitioned=False&AutoPrepare=True,1.044173621,0.045240565789747306,10,177486
pg17-dotnet,postgres:17,RescheduleTrackedQueueRollback,Partitioned=False&AutoPrepare=True,1.3211457469999999,0.07577565528296085,10,76600
pg17-dotnet,postgres:17,ReadParentById,Partitioned=True&AutoPrepare=False,0.9314802050000001,0.05068125110569353,10,130255
pg17-dotnet,postgres:17,ReadParentQualified,Partitioned=True&AutoPrepare=False,0.626437221111111,0.04895768561447796,9,131694
pg17-dotnet,postgres:17,ReadParentByExternalReference,Partitioned=True&AutoPrepare=False,1.0348827755555556,0.05770227295376306,9,129906
pg17-dotnet,postgres:17,ReadGraphSingleQuery,Partitioned=True&AutoPrepare=False,1.7413135380000002,0.2623389638769777,10,164539
pg17-dotnet,postgres:17,ReadGraphSplitQuery,Partitioned=True&AutoPrepare=False,1.5787057030000002,0.07020667116598317,10,178575
pg17-dotnet,postgres:17,RescheduleTrackedQueueRollback,Partitioned=True&AutoPrepare=False,1.3930145325,0.048014294385288106,8,80644
pg17-dotnet,postgres:17,ReadParentById,Partitioned=True&AutoPrepare=True,0.731500704,0.09738201180717188,10,129435
pg17-dotnet,postgres:17,ReadParentQualified,Partitioned=True&AutoPrepare=True,0.6178374130000001,0.05334047247662491,10,130873
pg17-dotnet,postgres:17,ReadParentByExternalReference,Partitioned=True&AutoPrepare=True,0.783094081,0.07094098867495097,10,129708
pg17-dotnet,postgres:17,ReadGraphSingleQuery,Partitioned=True&AutoPrepare=True,1.4483444866666668,0.05554247574935147,9,162961
pg17-dotnet,postgres:17,ReadGraphSplitQuery,Partitioned=True&AutoPrepare=True,1.6265610380000002,0.19594338035420814,10,176615
pg17-dotnet,postgres:17,RescheduleTrackedQueueRollback,Partitioned=True&AutoPrepare=True,1.352128253,0.0637467042434814,10,79106
pg16-dotnet,postgres:16,ReadParentById,Partitioned=False&AutoPrepare=False,0.72771075,0.1042099033727659,10,130136
pg16-dotnet,postgres:16,ReadParentQualified,Partitioned=False&AutoPrepare=False,0.6133413661111111,0.036269650531827034,9,131701
pg16-dotnet,postgres:16,ReadParentByExternalReference,Partitioned=False&AutoPrepare=False,0.941674994,0.10208443300946594,10,130412
pg16-dotnet,postgres:16,ReadGraphSingleQuery,Partitioned=False&AutoPrepare=False,1.0586379133333332,0.017802551904727036,9,165729
pg16-dotnet,postgres:16,ReadGraphSplitQuery,Partitioned=False&AutoPrepare=False,1.212740227777778,0.06595616380606642,9,177682
pg16-dotnet,postgres:16,RescheduleTrackedQueueRollback,Partitioned=False&AutoPrepare=False,1.359108714,0.05498207819057895,10,77652
pg16-dotnet,postgres:16,ReadParentById,Partitioned=False&AutoPrepare=True,0.5788191622222223,0.05806396340262344,9,129329
pg16-dotnet,postgres:16,ReadParentQualified,Partitioned=False&AutoPrepare=True,0.6261959960000001,0.049963365476644366,10,130874
pg16-dotnet,postgres:16,ReadParentByExternalReference,Partitioned=False&AutoPrepare=True,0.852334121,0.07023002282594494,10,129577
pg16-dotnet,postgres:16,ReadGraphSingleQuery,Partitioned=False&AutoPrepare=True,1.006197088888889,0.06961834145474445,9,163834
pg16-dotnet,postgres:16,ReadGraphSplitQuery,Partitioned=False&AutoPrepare=True,0.9884434550000001,0.03962943703607297,10,177481
pg16-dotnet,postgres:16,RescheduleTrackedQueueRollback,Partitioned=False&AutoPrepare=True,1.3532174950000002,0.115537193564742,10,76794
pg16-dotnet,postgres:16,ReadParentById,Partitioned=True&AutoPrepare=False,1.0894624130000001,0.13056967855536916,10,151124
pg16-dotnet,postgres:16,ReadParentQualified,Partitioned=True&AutoPrepare=False,0.5944003666666667,0.05759659191496427,9,131704
pg16-dotnet,postgres:16,ReadParentByExternalReference,Partitioned=True&AutoPrepare=False,0.9945868187500001,0.02621494404117862,8,130386
pg16-dotnet,postgres:16,ReadGraphSingleQuery,Partitioned=True&AutoPrepare=False,1.662593205,0.23600451222592544,10,165324
pg16-dotnet,postgres:16,ReadGraphSplitQuery,Partitioned=True&AutoPrepare=False,1.6914647480000002,0.11566181946405887,10,179182
pg16-dotnet,postgres:16,RescheduleTrackedQueueRollback,Partitioned=True&AutoPrepare=False,1.3694952880000002,0.06505089579942323,10,80217
pg16-dotnet,postgres:16,ReadParentById,Partitioned=True&AutoPrepare=True,0.7248583710000001,0.0714736070188891,10,129390
pg16-dotnet,postgres:16,ReadParentQualified,Partitioned=True&AutoPrepare=True,0.5803334677777778,0.0635391585577325,9,133519
pg16-dotnet,postgres:16,ReadParentByExternalReference,Partitioned=True&AutoPrepare=True,0.7969007377777777,0.06629239190939314,9,129576
pg16-dotnet,postgres:16,ReadGraphSingleQuery,Partitioned=True&AutoPrepare=True,1.478908458,0.10839657542773555,10,162672
pg16-dotnet,postgres:16,ReadGraphSplitQuery,Partitioned=True&AutoPrepare=True,1.6910281619999998,0.15625038770794217,10,177144
pg16-dotnet,postgres:16,RescheduleTrackedQueueRollback,Partitioned=True&AutoPrepare=True,1.3764966166666668,0.048189819137176404,9,79117
