evidence,target,rows,partitions,shape,n,min_ms,median_ms,p95_ms,max_ms,mean_ms,planning_ms,execution_ms,shared_hit_blocks,shared_read_blocks,plan_nodes
pg17-queries,postgres:17,2000000,0,id,30,0.2289172261953354,0.25645806454122066,0.3083753399550915,0.3791661001741886,0.2651874131212632,0.005,0.003,4,0,1
pg17-queries,postgres:17,2000000,0,id_timestamp,30,0.22774981334805489,0.25477074086666107,0.2916669473052025,0.30570896342396736,0.2581639060129722,0.006,0.003,4,0,1
pg17-queries,postgres:17,2000000,0,id_timestamp_expression,30,0.21774973720312119,0.24281209334731102,0.2725417725741863,0.2732081338763237,0.24659011202553907,0.007,0.004,4,0,1
pg17-queries,postgres:17,2000000,0,external_no_index,30,20.68233396857977,22.351958323270082,56.86058336868882,56.89108418300748,31.30318899638951,0.043,21.569,14706,0,2
pg17-queries,postgres:17,2000000,0,external_indexed,30,0.23204227909445763,0.27066702023148537,0.3197919577360153,0.3307908773422241,0.2741180670758088,0.012,0.004,4,0,1
pg17-queries,postgres:17,2000000,10,id,30,0.29129208996891975,0.3272078465670347,0.42300019413232803,0.4366249777376652,0.34283196243147057,0.029,0.016,31,0,11
pg17-queries,postgres:17,2000000,10,id_timestamp,30,0.21895812824368477,0.2692085690796375,0.3426671028137207,0.34558307379484177,0.27580430420736474,0.011,0.005,4,0,1
pg17-queries,postgres:17,2000000,10,id_timestamp_expression,30,0.2454998902976513,0.2727292012423277,0.30345795676112175,0.30520791187882423,0.27580270543694496,0.044,0.005,4,0,2
pg17-queries,postgres:17,2000000,10,external_no_index,30,18.69925018399954,21.41970838420093,52.876458037644625,55.698125157505274,29.38955429320534,0.073,19.422,14710,0,12
pg17-queries,postgres:17,2000000,10,external_indexed,30,0.27616601437330246,0.33912481740117073,0.4244172014296055,0.45608310028910637,0.34426806184152764,0.037,0.015,31,0,11
pg17-queries,postgres:17,2000000,40,id,30,0.39116712287068367,0.46720821410417557,0.5620410665869713,0.6074579432606697,0.47879031238456565,0.087,0.042,81,0,41
pg17-queries,postgres:17,2000000,40,id_timestamp,30,0.24904217571020126,0.2747713588178158,0.36179227754473686,0.4592090845108032,0.2869737024108569,0.009,0.003,3,0,1
pg17-queries,postgres:17,2000000,40,id_timestamp_expression,30,0.3843330778181553,0.41589559987187386,0.4525412805378437,0.4527079872786999,0.41384150584538776,0.143,0.005,3,0,2
pg17-queries,postgres:17,2000000,40,external_no_index,30,18.60995776951313,19.89722903817892,49.65383280068636,50.21795816719532,27.23062913864851,0.15,42.109,14720,0,42
pg17-queries,postgres:17,2000000,40,external_indexed,30,0.42125023901462555,0.510229030624032,0.5709999240934849,0.5748327821493149,0.5053819312403599,0.12,0.047,81,0,41
pg17-queries,postgres:17,2000000,120,id,30,0.8358331397175789,1.0061459615826607,1.2905839830636978,1.833791844546795,1.028662718211611,0.305,0.217,241,0,121
pg17-queries,postgres:17,2000000,120,id_timestamp,30,0.23795804008841515,0.27602072805166245,0.34954212605953217,0.3592502325773239,0.27976534329354763,0.014,0.005,3,0,1
pg17-queries,postgres:17,2000000,120,id_timestamp_expression,30,0.6684171967208385,0.7154999766498804,0.9423326700925827,1.0944162495434284,0.7390333184351524,0.399,0.006,3,0,2
pg17-queries,postgres:17,2000000,120,external_no_index,30,19.45016672834754,21.368916612118483,51.475082989782095,51.97270819917321,27.827633311972022,0.387,19.032,14760,0,122
pg17-queries,postgres:17,2000000,120,external_indexed,30,0.7751663215458393,0.9213124867528677,1.0540001094341278,1.0649166069924831,0.9270194141815106,0.309,0.508,241,0,121
pg17-queries,postgres:17,2000000,400,id,30,1.8130829557776451,2.0485620480030775,2.872500102967024,3.0522500164806843,2.193508204072714,1.058,1.22,801,0,401
pg17-queries,postgres:17,2000000,400,id_timestamp,30,0.23270770907402039,0.2690001856535673,0.3150422126054764,0.32625021412968636,0.27049022416273755,0.011,0.004,3,0,1
pg17-queries,postgres:17,2000000,400,id_timestamp_expression,30,1.6031251288950443,1.685791416093707,1.861416269093752,1.888166181743145,1.71357913253208,1.418,0.007,3,0,2
pg17-queries,postgres:17,2000000,400,external_no_index,30,24.28958285599947,25.178916519507766,52.961915731430054,54.31308317929506,32.692423447345696,1.319,23.138,14800,0,402
pg17-queries,postgres:17,2000000,400,external_indexed,30,2.460166346281767,2.8435420244932175,3.8697500713169575,3.980583045631647,2.907219451541702,1.57,0.663,801,0,401
pg16-queries,postgres:16,2000000,0,id,30,0.27308426797389984,0.294708414003253,0.33074989914894104,0.36408333107829094,0.2994236070662737,0.005,0.003,4,0,1
pg16-queries,postgres:16,2000000,0,id_timestamp,30,0.21654227748513222,0.259957741945982,0.3221668303012848,0.3515840508043766,0.26589597885807353,0.008,0.005,4,0,1
pg16-queries,postgres:16,2000000,0,id_timestamp_expression,30,0.21900003775954247,0.24899933487176895,0.2831248566508293,0.31250016763806343,0.24996808109184107,0.008,0.005,4,0,1
pg16-queries,postgres:16,2000000,0,external_no_index,30,19.315542187541723,20.59820806607604,52.484999876469374,52.92445793747902,28.91576945160826,0.031,19.76,14706,0,2
pg16-queries,postgres:16,2000000,0,external_indexed,30,0.2638748846948147,0.2978960983455181,0.37741661071777344,0.39904098957777023,0.30870833434164524,0.011,0.005,4,0,1
pg16-queries,postgres:16,2000000,10,id,30,0.27062511071562767,0.3141453489661217,0.4104999825358391,0.43800007551908493,0.3252985111127297,0.028,0.017,31,0,11
pg16-queries,postgres:16,2000000,10,id_timestamp,30,0.21345913410186768,0.2321458887308836,0.26970915496349335,0.28849998489022255,0.23577803124984106,0.009,0.004,4,0,1
pg16-queries,postgres:16,2000000,10,id_timestamp_expression,30,0.24804193526506424,0.2709797117859125,0.31054113060235977,0.3171251155436039,0.27528048182527226,0.05,0.006,4,0,2
pg16-queries,postgres:16,2000000,10,external_no_index,30,19.976167008280754,22.02916727401316,54.42720837891102,56.998082902282476,30.281430544952553,0.064,51.527,14710,0,12
pg16-queries,postgres:16,2000000,10,external_indexed,30,0.3009587526321411,0.34002051688730717,0.43183285742998123,0.43241633102297783,0.3463777868698041,0.035,0.016,31,0,11
pg16-queries,postgres:16,2000000,40,id,30,0.40833326056599617,0.4561040550470352,0.5520000122487545,0.5724169313907623,0.4716042273988326,0.091,0.044,81,0,41
pg16-queries,postgres:16,2000000,40,id_timestamp,30,0.24637486785650253,0.26862509548664093,0.29450003057718277,0.30120834708213806,0.27011665515601635,0.01,0.004,3,0,1
pg16-queries,postgres:16,2000000,40,id_timestamp_expression,30,0.3730831667780876,0.40699983946979046,0.47445809468626976,0.520083587616682,0.4101693630218506,0.142,0.004,3,0,2
pg16-queries,postgres:16,2000000,40,external_no_index,30,19.873874727636576,21.307500079274178,54.55083306878805,55.942084174603224,29.859320803855855,0.15,19.782,14720,0,42
pg16-queries,postgres:16,2000000,40,external_indexed,30,0.4386669024825096,0.5294170696288347,0.5838749930262566,0.6210417486727238,0.530586251989007,0.114,0.047,81,0,41
pg16-queries,postgres:16,2000000,120,id,30,0.8453750051558018,1.1078959796577692,1.882458571344614,2.0160828717052937,1.216497179120779,0.422,0.288,241,0,121
pg16-queries,postgres:16,2000000,120,id_timestamp,30,0.23666629567742348,0.2882913686335087,0.35016611218452454,0.4141656681895256,0.2937403197089831,0.013,0.006,3,0,1
pg16-queries,postgres:16,2000000,120,id_timestamp_expression,30,0.7133330218493938,0.7594579365104437,0.8775838650763035,0.9986660443246365,0.7870429040243229,0.466,0.008,3,0,2
pg16-queries,postgres:16,2000000,120,external_no_index,30,21.90195769071579,27.32145832851529,55.36733381450176,57.205208111554384,35.34417354191343,0.595,25.772,14760,0,122
pg16-queries,postgres:16,2000000,120,external_indexed,30,0.7839580066502094,1.008291495963931,1.607583835721016,1.6930000856518745,1.0811291790256898,0.332,0.168,241,0,121
pg16-queries,postgres:16,2000000,400,id,30,2.313290722668171,3.149749245494604,6.116916891187429,6.399207748472691,3.4276276671638093,2.779,4.005,801,0,401
pg16-queries,postgres:16,2000000,400,id_timestamp,30,0.2387082204222679,0.30122906900942326,0.46954210847616196,0.5875830538570881,0.31506804128487903,0.014,0.005,3,0,1
pg16-queries,postgres:16,2000000,400,id_timestamp_expression,30,1.764541957527399,2.0248545333743095,2.8068753890693188,2.973291091620922,2.1550862894703946,1.597,0.014,3,0,2
pg16-queries,postgres:16,2000000,400,external_no_index,30,29.139500111341476,31.825583428144455,58.279457967728376,60.67362520843744,39.84066525784632,1.405,26.379,14800,0,402
pg16-queries,postgres:16,2000000,400,external_indexed,30,2.5132917799055576,3.5299579612910748,5.672707688063383,6.447292398661375,3.7711458280682564,2.869,1.646,801,0,401
aurora-queries,aurora,2000000,0,id,30,55.48829212784767,60.196395963430405,64.775750041008,67.0902905985713,60.27984029302994,0.125,0.025,4,0,1
aurora-queries,aurora,2000000,0,id_timestamp,30,55.04008289426565,57.74145876057446,61.3540830090642,87.17595785856247,58.71252925135195,0.14,0.025,4,0,1
aurora-queries,aurora,2000000,0,id_timestamp_expression,30,54.7822080552578,56.49108369834721,59.849499724805355,61.60145811736584,56.819362519308925,0.138,0.02,4,0,1
aurora-queries,aurora,2000000,0,external_no_index,30,123.7368336878717,297.43095859885216,531.4536667428911,612.7117075957358,313.37081249803305,0.06,348.338,14706,0,2
aurora-queries,aurora,2000000,0,external_indexed,30,54.01291698217392,58.54524997994304,128.85974999517202,226.44450003281236,69.9487751039366,0.066,0.023,4,0,1
aurora-queries,aurora,2000000,10,id,30,55.88483298197389,75.69252070970833,88.25012482702732,152.65462500974536,76.054354198277,0.16,0.111,31,0,11
aurora-queries,aurora,2000000,10,id_timestamp,30,53.70541615411639,57.47141665779054,60.57600025087595,162.3228332027793,60.87019171876212,0.084,0.027,4,0,1
aurora-queries,aurora,2000000,10,id_timestamp_expression,30,53.36320772767067,55.69970840588212,57.736500166356564,58.34066588431597,55.67785000118116,0.196,0.033,4,0,2
aurora-queries,aurora,2000000,10,external_no_index,30,170.82312516868114,259.1750626452267,379.55258321017027,455.17254201695323,266.6885708613942,0.151,424.488,14710,0,12
aurora-queries,aurora,2000000,10,external_indexed,30,59.62283397093415,64.72650007344782,76.12441712990403,308.0797498114407,73.65472228266299,0.191,0.1,31,0,11
aurora-queries,aurora,2000000,40,id,30,55.35658402368426,131.53366674669087,202.09950022399426,214.46587517857552,117.49458621876936,0.377,0.343,81,0,41
aurora-queries,aurora,2000000,40,id_timestamp,30,53.96154196932912,57.2396875359118,75.2192921936512,205.31637500971556,62.8900612394015,0.084,0.025,3,0,1
aurora-queries,aurora,2000000,40,id_timestamp_expression,30,53.87799954041839,56.09639594331384,60.03874959424138,66.54279120266438,56.59200966668626,0.544,0.037,3,0,2
aurora-queries,aurora,2000000,40,external_no_index,30,199.06854163855314,222.88318746723235,360.51370901986957,476.6580001451075,256.5512931905687,1.325,151.346,14720,0,42
aurora-queries,aurora,2000000,40,external_indexed,30,58.705834206193686,83.47504213452339,119.90070762112737,198.95170908421278,86.93787786178291,1.795,0.318,81,0,41
aurora-queries,aurora,2000000,120,id,30,59.73520828410983,152.64197904616594,341.3324588909745,357.4968748725951,173.16723332429925,3.702,1.123,241,0,121
aurora-queries,aurora,2000000,120,id_timestamp,30,54.49112504720688,57.9125618096441,107.42037510499358,302.96679167076945,69.72491942966978,0.522,0.03,3,0,1
aurora-queries,aurora,2000000,120,id_timestamp_expression,30,60.146375093609095,62.31531291268766,95.71712510660291,99.95004115626216,64.56520141412814,4.277,0.067,3,0,2
aurora-queries,aurora,2000000,120,external_no_index,30,201.39787485823035,289.6811249665916,518.8687080517411,603.5491251386702,322.7305624323587,3.846,401.634,14760,0,122
aurora-queries,aurora,2000000,120,external_indexed,30,62.99741566181183,138.5399994906038,181.60016695037484,278.5124168731272,136.03406654049954,5.235,1.15,241,0,121
aurora-queries,aurora,2000000,400,id,30,70.71762531995773,78.42079154215753,746.6631671413779,808.7410000152886,305.1001904066652,12.132,4.577,801,0,401
aurora-queries,aurora,2000000,400,id_timestamp,30,52.39941691979766,58.84124943986535,101.00449994206429,262.99587497487664,69.09404299221933,0.899,0.043,3,0,1
aurora-queries,aurora,2000000,400,id_timestamp_expression,30,71.4557496830821,74.34672978706658,109.92641607299447,132.2306669317186,82.24365821418662,13.799,0.071,3,0,2
aurora-queries,aurora,2000000,400,external_no_index,30,203.32141732797027,308.32033371552825,478.34300016984344,512.6557080075145,326.0352888610214,11.016,235.972,14800,0,402
aurora-queries,aurora,2000000,400,external_indexed,30,75.45275008305907,135.9232710674405,714.4478331319988,759.0804588980973,217.35251657664776,17.144,5.39,801,0,401
