target,parent_rows,profile,mode,batch_size,fk_indexes,trials,server_seconds_median,client_seconds_median,archive_transaction_client_seconds_median,before_bytes_median,after_bytes_median,retirement_statement_wal_bytes_median,server_seconds_min,server_seconds_max
aurora,4096,skew,copy,256,True,3,1.727553,2.170973875094205,40.842137459199876,72712192,14901248,,1.323911,1.86556
aurora,4096,skew,delete,256,True,3,0.357979,5.480397500097752,40.97959658270702,72712192,72761344,,0.241854,0.456647
aurora,4096,skew,partition,256,True,3,1.234198,2.1915202918462455,41.852617874741554,84066304,15261696,,1.139541,1.247081
aurora,4096,skew,split,256,True,3,0.266689,5.7027564169839025,40.50037920800969,73220096,28024832,,0.189598,0.424467
aurora,4096,skew,split_daily,256,True,3,0.478196,5.987510290928185,41.974967499729246,76873728,28147712,,0.373393,0.51503
aurora,4096,tail,copy,256,True,3,1.400163,1.835395459085703,39.51620658300817,72032256,14778368,,1.346154,1.784301
aurora,4096,tail,delete,256,True,3,0.222439,5.251830915920436,41.50585879199207,72032256,72081408,,0.203821,0.265815
aurora,4096,tail,partition,256,True,3,1.366366,2.4857985842972994,42.454459459055215,83025920,15097856,,0.994914,1.575205
aurora,4096,tail,split,256,True,3,0.288148,6.013484375085682,40.82939358288422,72531968,27344896,,0.187173,0.31247499999999995
aurora,4096,tail,split_daily,256,True,3,0.418295,5.793725000228733,40.844545791856945,76201984,27344896,,0.327839,0.5173
aurora,4096,typical,copy,256,True,3,0.636581,1.1075802077539265,34.55675383284688,49102848,10043392,,0.433274,1.249124
aurora,4096,typical,delete,256,True,3,0.163292,5.22014491725713,35.38033691607416,49102848,49152000,,0.152247,0.256723
aurora,4096,typical,partition,256,True,3,0.962796,1.8279762919992208,36.81828995794058,60170240,10387456,,0.782375,1.115246
aurora,4096,typical,split,256,True,3,0.188923,5.512805250007659,35.94805737538263,49610752,22511616,,0.181859,0.24031200000000003
aurora,4096,typical,split_daily,256,True,3,0.403941,6.013403499964625,33.713146707974374,53313536,22544384,,0.294229,0.436755
postgres:16,4096,skew,copy,256,True,3,0.034561,0.03753925021737814,1.9896870832890272,72712192,14909440,15167920,0.034046,0.035361
postgres:16,4096,skew,delete,256,True,3,0.029169,0.05150129087269306,1.9749849997460842,72712192,72712192,2602320,0.029095,0.029812
postgres:16,4096,skew,partition,256,True,3,0.066075,0.07706516608595848,2.0002760840579867,84066304,15228928,1409304,0.065573,0.078668
postgres:16,4096,skew,split,256,True,3,0.025908999999999998,0.054651542101055384,1.9878957499749959,73220096,27975680,1387904,0.025085999999999997,0.02989
postgres:16,4096,skew,split_daily,256,True,3,0.033027,0.0630607083439827,2.1781898750923574,76881920,27975680,1555720,0.032986,0.035353
postgres:16,4096,tail,copy,256,True,3,0.036057,0.039083416108042,2.0021708752028644,72032256,14770176,14929840,0.033779,0.03645
postgres:16,4096,tail,delete,256,True,3,0.029364,0.05229362519457936,1.9951164587400854,72032256,72032256,2440304,0.02926,0.036348
postgres:16,4096,tail,partition,256,True,3,0.063339,0.07407362526282668,1.9961863751523197,83009536,15065088,2940528,0.0611,0.06429
postgres:16,4096,tail,split,256,True,3,0.026189999999999998,0.052332417108118534,1.986334207933396,72540160,27295744,1220584,0.025389,0.026855999999999998
postgres:16,4096,tail,split_daily,256,True,3,0.031648,0.0634375000372529,2.055139500182122,76201984,27295744,1385464,0.031319,0.032738
postgres:16,4096,typical,copy,256,True,3,0.0271,0.02978170895949006,1.2733140410855412,49102848,10043392,10114208,0.026637,0.031309
postgres:16,4096,typical,delete,256,True,3,0.031318,0.05629074992612004,1.302465207874775,49102848,49102848,1948408,0.027125,0.033891
postgres:16,4096,typical,partition,256,True,3,0.061665,0.07138350000604987,1.285137000028044,60153856,10346496,1412344,0.05957,0.067161
postgres:16,4096,typical,split,256,True,3,0.026872999999999998,0.0560848331078887,1.2817901251837611,49610752,22462464,1220224,0.026852,0.029818
postgres:16,4096,typical,split_daily,256,True,3,0.030631,0.05976129183545709,1.2993259578943253,53288960,22462464,1384952,0.029464999999999998,0.032155
postgres:17,4096,skew,copy,256,True,3,0.035088,0.03807729110121727,1.9106555418111384,72712192,14909440,15169504,0.033418,0.035189
postgres:17,4096,skew,delete,256,True,3,0.028862,0.051574707962572575,1.9349962081760168,72712192,72712192,2599912,0.02858,0.030672
postgres:17,4096,skew,partition,256,True,3,0.0647,0.07564008282497525,1.9379240409471095,84066304,15228928,1414760,0.064206,0.066567
postgres:17,4096,skew,split,256,True,3,0.024552,0.05022545903921127,1.945646374952048,73220096,27975680,1381544,0.024327,0.024573
postgres:17,4096,skew,split_daily,256,True,3,0.03003,0.05847383290529251,1.9842090420424938,76881920,27975680,1576816,0.029383,0.030632
postgres:17,4096,tail,copy,256,True,3,0.03293,0.03557424992322922,1.9598145419731736,72032256,14770176,14925328,0.032897,0.032998
postgres:17,4096,tail,delete,256,True,3,0.032745,0.05555858416482806,1.9292798331007361,72032256,72032256,2437832,0.029454,0.034722
postgres:17,4096,tail,partition,256,True,3,0.062576,0.07392570795491338,1.9571310002356768,83009536,15065088,2861728,0.062555,0.067188
postgres:17,4096,tail,split,256,True,3,0.025330000000000002,0.05311658326536417,1.9598277918994427,72540160,27295744,1219424,0.024787999999999998,0.026043
postgres:17,4096,tail,split_daily,256,True,3,0.030876999999999998,0.058490416035056114,2.034826416056603,76201984,27295744,1384224,0.029882,0.040409
postgres:17,4096,typical,copy,256,True,3,0.029023,0.03213570872321725,1.4986595842055976,49102848,10043392,10114288,0.028967,0.030186
postgres:17,4096,typical,delete,64,True,3,0.033427,0.111929917242378,1.3989094160497189,49102848,49102848,1964256,0.033318,0.033902
postgres:17,4096,typical,delete,256,False,3,1.034664,1.065250291954726,1.3813922083936632,48693248,48693248,1973184,1.016762,1.103243
postgres:17,4096,typical,delete,256,True,3,0.028996,0.05322683323174715,1.4567537908442318,49102848,49102848,1945584,0.027702,0.039501
postgres:17,4096,typical,delete,1024,True,3,0.023849000000000002,0.030266791116446257,1.3598657501861453,49102848,49102848,1937560,0.0238,0.035372
postgres:17,4096,typical,partition,256,True,3,0.062117,0.07220145827159286,1.508768083062023,60153856,10346496,1421488,0.061533,0.066018
postgres:17,4096,typical,split,256,True,3,0.028808,0.05332108307629824,1.4377500000409782,49610752,22462464,1218728,0.026664,0.033573
postgres:17,4096,typical,split_daily,256,True,3,0.028891,0.05700149992480874,1.3150747907347977,53288960,22462464,1383464,0.02851,0.029419999999999998
postgres:17,16384,tail,copy,256,True,3,0.131027,0.13439287478104234,7.9323664996773005,286949376,57352192,58725800,0.123063,0.134846
postgres:17,16384,tail,delete,256,True,3,0.191078,0.3129895837046206,8.115423999726772,286949376,286949376,207096296,0.180569,0.19525
postgres:17,16384,tail,partition,256,True,3,0.107903,0.1347391251474619,8.061941124964505,300818432,58335232,4667576,0.061524,0.118593
postgres:17,16384,tail,split,256,True,3,0.10450599999999999,0.20973954070359468,8.110816999804229,288538624,107159552,48237992,0.101271,0.880065
postgres:17,32768,typical,copy,256,True,3,0.246795,0.24985429178923368,9.640797375235707,390840320,78151680,80385960,0.238043,0.252003
postgres:17,32768,typical,delete,256,True,3,0.376231,0.5963505418039858,9.940908249933273,390840320,390840320,302529680,0.31782900000000003,0.395356
postgres:17,32768,typical,partition,256,True,3,0.132734,0.1604931252077222,9.820821874774992,409526272,80224256,5155656,0.074091,1.219832
postgres:17,32768,typical,split_daily,256,True,3,0.26562800000000003,0.49150741612538695,10.056212792173028,398893056,177266688,83098864,0.252966,0.301889
