evidence,target,parent_rows,profile,mode,batch_size,fk_indexes,trial,server_seconds,client_seconds,archive_transaction_client_seconds,archive_bytes,retirement_statement_wal_bytes,before_bytes,after_bytes,copy_into_design_server_seconds
pg17-main,postgres:17,4096,typical,delete,256,True,1,0.028996,0.05322683323174715,1.5937226247042418,101401801,1945560,49102848,49102848,0.553521
pg17-main,postgres:17,4096,typical,partition,256,True,1,0.061533,0.0719758328050375,1.6546432091854513,101401801,1418536,60153856,10346496,0.300497
pg17-main,postgres:17,4096,typical,split,256,True,1,0.028808,0.05332108307629824,1.4081179578788579,101401801,1218728,49610752,22462464,0.15866
pg17-main,postgres:17,4096,typical,copy,256,True,1,0.029023,0.03175995917990804,1.5302463751286268,101401801,10114288,49102848,10043392,0.152984
pg17-main,postgres:17,4096,typical,delete,256,True,2,0.039501,0.10720075014978647,1.4567537908442318,101401801,37838088,49102848,49102848,0.141063
pg17-main,postgres:17,4096,typical,copy,256,True,2,0.028967,0.03213570872321725,1.4986595842055976,101401801,10108384,49102848,10043392,0.148221
pg17-main,postgres:17,4096,typical,split,256,True,2,0.033573,0.06628579087555408,1.4698240417055786,101401801,1218720,49610752,22462464,0.150448
pg17-main,postgres:17,4096,typical,partition,256,True,2,0.066018,0.07642691722139716,1.508768083062023,101401801,1429256,60153856,10346496,0.320121
pg17-main,postgres:17,4096,typical,split,256,True,3,0.026664,0.049107749946415424,1.4377500000409782,101401801,1218992,49610752,22462464,0.15676
pg17-main,postgres:17,4096,typical,copy,256,True,3,0.030186,0.03299058321863413,1.3443284169770777,101401801,10124104,49102848,10043392,0.133204
pg17-main,postgres:17,4096,typical,delete,256,True,3,0.027702,0.047725667245686054,1.3409477910026908,101401801,1945584,49102848,49102848,0.13626
pg17-main,postgres:17,4096,typical,partition,256,True,3,0.062117,0.07220145827159286,1.3734003747813404,101401801,1421488,60153856,10346496,0.303385
pg17-main,postgres:17,4096,tail,delete,256,True,1,0.032745,0.05555858416482806,2.0999417919665575,156866761,2437808,72032256,72032256,0.172264
pg17-main,postgres:17,4096,tail,partition,256,True,1,0.062576,0.07338408334180713,2.0404181657359004,156866761,2861728,83009536,15065088,0.315366
pg17-main,postgres:17,4096,tail,split,256,True,1,0.024787999999999998,0.05116525012999773,1.9598277918994427,156866761,1219488,72540160,27295744,0.170131
pg17-main,postgres:17,4096,tail,copy,256,True,1,0.03293,0.03557424992322922,1.9518642500042915,156866761,14923664,72032256,14770176,0.149204
pg17-main,postgres:17,4096,tail,delete,256,True,2,0.034722,0.06037004105746746,1.9292798331007361,156866761,56137384,72032256,72032256,0.152455
pg17-main,postgres:17,4096,tail,copy,256,True,2,0.032998,0.03608408337458968,1.9598145419731736,156866761,14925328,72032256,14770176,0.148438
pg17-main,postgres:17,4096,tail,split,256,True,2,0.025330000000000002,0.05385208409279585,1.9998853751458228,156866761,1219416,72540160,27295744,0.165449
pg17-main,postgres:17,4096,tail,partition,256,True,2,0.062555,0.07392570795491338,1.9453197089023888,156866761,4196672,83009536,15065088,0.31066
pg17-main,postgres:17,4096,tail,split,256,True,3,0.026043,0.05311658326536417,1.9242189591750503,156866761,1219424,72540160,27295744,0.158614
pg17-main,postgres:17,4096,tail,copy,256,True,3,0.032897,0.03554991725832224,2.0330699579790235,156866761,14928488,72032256,14770176,0.150942
pg17-main,postgres:17,4096,tail,delete,256,True,3,0.029454,0.050513749942183495,1.9035208746790886,156866761,2437832,72032256,72032256,0.149023
pg17-main,postgres:17,4096,tail,partition,256,True,3,0.067188,0.07864233385771513,1.9571310002356768,156866761,2856480,83009536,15065088,0.30279
pg17-main,postgres:17,4096,skew,delete,256,True,1,0.02858,0.051574707962572575,1.940424791071564,157392001,2599912,72712192,72712192,0.150704
pg17-main,postgres:17,4096,skew,partition,256,True,1,0.064206,0.07525837467983365,1.9379240409471095,157392001,1420624,84066304,15228928,0.332102
pg17-main,postgres:17,4096,skew,split,256,True,1,0.024573,0.05103612504899502,1.9646505420096219,157392001,3898416,73220096,27975680,0.171267
pg17-main,postgres:17,4096,skew,copy,256,True,1,0.035088,0.03807729110121727,1.9525243327952921,157392001,15169504,72712192,14909440,0.159626
pg17-main,postgres:17,4096,skew,delete,256,True,2,0.028862,0.05004354240372777,1.9349962081760168,157392001,2758192,72712192,72712192,0.162989
pg17-main,postgres:17,4096,skew,copy,256,True,2,0.033418,0.036411582957953215,1.9106555418111384,157392001,15234416,72712192,14909440,0.159419
pg17-main,postgres:17,4096,skew,split,256,True,2,0.024327,0.0501111657358706,1.912419666070491,157392001,1381544,73220096,27975680,0.167725
pg17-main,postgres:17,4096,skew,partition,256,True,2,0.0647,0.07564008282497525,1.9082679999992251,157392001,1414760,84066304,15228928,0.336326
pg17-main,postgres:17,4096,skew,split,256,True,3,0.024552,0.05022545903921127,1.945646374952048,157392001,1381544,73220096,27975680,0.167068
pg17-main,postgres:17,4096,skew,copy,256,True,3,0.035189,0.03815962513908744,1.9000693326815963,157392001,15161224,72712192,14909440,0.161258
pg17-main,postgres:17,4096,skew,delete,256,True,3,0.030672,0.053338584024459124,1.9068714580498636,157392001,2599912,72712192,72712192,0.164379
pg17-main,postgres:17,4096,skew,partition,256,True,3,0.066567,0.07749691605567932,1.9422192079946399,157392001,1412072,84066304,15228928,0.339014
pg16-main,postgres:16,4096,typical,delete,256,True,1,0.031318,0.05629074992612004,1.3887650002725422,101401801,1948408,49102848,49102848,0.137182
pg16-main,postgres:16,4096,typical,partition,256,True,1,0.067161,0.07819595793262124,1.4011890417896211,101401801,1411520,60153856,10346496,0.292553
pg16-main,postgres:16,4096,typical,split,256,True,1,0.029818,0.0560848331078887,1.3232744159176946,101401801,1220224,49610752,22462464,0.15366
pg16-main,postgres:16,4096,typical,copy,256,True,1,0.031309,0.03468479122966528,1.3623950839973986,101401801,10109848,49102848,10043392,0.146892
pg16-main,postgres:16,4096,typical,delete,256,True,2,0.033891,0.06691270880401134,1.302465207874775,101401801,37840912,49102848,49102848,0.160957
pg16-main,postgres:16,4096,typical,copy,256,True,2,0.0271,0.02978170895949006,1.2733140410855412,101401801,10114208,49102848,10043392,0.131332
pg16-main,postgres:16,4096,typical,split,256,True,2,0.026872999999999998,0.060536207631230354,1.2551559577696025,101401801,1220208,49610752,22462464,0.140746
pg16-main,postgres:16,4096,typical,partition,256,True,2,0.05957,0.0691826669499278,1.285137000028044,101401801,1412344,60153856,10346496,0.285414
pg16-main,postgres:16,4096,typical,split,256,True,3,0.026852,0.05212879087775946,1.2817901251837611,101401801,1220352,49610752,22462464,0.141049
pg16-main,postgres:16,4096,typical,copy,256,True,3,0.026637,0.02938429219648242,1.2480768752284348,101401801,10132120,49102848,10043392,0.126762
pg16-main,postgres:16,4096,typical,delete,256,True,3,0.027125,0.04899804200977087,1.2482413752004504,101401801,1948384,49102848,49102848,0.129545
pg16-main,postgres:16,4096,typical,partition,256,True,3,0.061665,0.07138350000604987,1.2652997081167996,101401801,1415120,60153856,10346496,0.282542
pg16-main,postgres:16,4096,tail,delete,256,True,1,0.02926,0.05212129093706608,2.017483083065599,156866761,2440304,72032256,72032256,0.146287
pg16-main,postgres:16,4096,tail,partition,256,True,1,0.0611,0.07160195894539356,1.9961863751523197,156866761,2874008,83009536,15065088,0.302262
pg16-main,postgres:16,4096,tail,split,256,True,1,0.025389,0.052332417108118534,1.9676023749634624,156866761,1220568,72540160,27295744,0.155724
pg16-main,postgres:16,4096,tail,copy,256,True,1,0.036057,0.039124374743551016,2.0021708752028644,156866761,14929840,72032256,14770176,0.154898
pg16-main,postgres:16,4096,tail,delete,256,True,2,0.036348,0.06315487530082464,1.9951164587400854,156866761,56139792,72032256,72032256,0.14924
pg16-main,postgres:16,4096,tail,copy,256,True,2,0.03645,0.039083416108042,2.0045388331636786,156866761,14933152,72032256,14770176,0.15205
pg16-main,postgres:16,4096,tail,split,256,True,2,0.026855999999999998,0.053402083925902843,2.0005880841054022,156866761,1220584,72540160,27295744,0.163542
pg16-main,postgres:16,4096,tail,partition,256,True,2,0.063339,0.07407362526282668,1.9921509576961398,156866761,4188152,83009536,15065088,0.304059
pg16-main,postgres:16,4096,tail,split,256,True,3,0.026189999999999998,0.049710584338754416,1.986334207933396,156866761,1220728,72540160,27295744,0.16091
pg16-main,postgres:16,4096,tail,copy,256,True,3,0.033779,0.036596916150301695,1.9859062083996832,156866761,14920384,72032256,14770176,0.152596
pg16-main,postgres:16,4096,tail,delete,256,True,3,0.029364,0.05229362519457936,1.9926390419714153,156866761,2440240,72032256,72032256,0.149643
pg16-main,postgres:16,4096,tail,partition,256,True,3,0.06429,0.0754696661606431,1.9986951667815447,156866761,2940528,83009536,15065088,0.311266
pg16-main,postgres:16,4096,skew,delete,256,True,1,0.029169,0.05150129087269306,2.044493665918708,157392001,2602360,72712192,72712192,0.15151
pg16-main,postgres:16,4096,skew,partition,256,True,1,0.066075,0.076386459171772,2.004581042099744,157392001,1425864,84066304,15228928,0.341834
pg16-main,postgres:16,4096,skew,split,256,True,1,0.02989,0.06531108310446143,1.9878957499749959,157392001,12824072,73220096,27975680,0.174647
pg16-main,postgres:16,4096,skew,copy,256,True,1,0.035361,0.038133082911372185,1.9965421659871936,157392001,15167920,72712192,14909440,0.157439
pg16-main,postgres:16,4096,skew,delete,256,True,2,0.029812,0.05226754071190953,1.9749849997460842,157392001,2602320,72712192,72712192,0.158394
pg16-main,postgres:16,4096,skew,copy,256,True,2,0.034561,0.03753925021737814,1.9896870832890272,157392001,15380328,72712192,14909440,0.160356
pg16-main,postgres:16,4096,skew,split,256,True,2,0.025908999999999998,0.054651542101055384,2.0073517081327736,157392001,1387904,73220096,27975680,0.169645
pg16-main,postgres:16,4096,skew,partition,256,True,2,0.065573,0.07706516608595848,2.0002760840579867,157392001,1409304,84066304,15228928,0.343645
pg16-main,postgres:16,4096,skew,split,256,True,3,0.025085999999999997,0.05140033317729831,1.9717225413769484,157392001,1382832,73220096,27975680,0.179128
pg16-main,postgres:16,4096,skew,copy,256,True,3,0.034046,0.036847375333309174,1.9732274170964956,157392001,15160784,72712192,14909440,0.173582
pg16-main,postgres:16,4096,skew,delete,256,True,3,0.029095,0.05076904222369194,1.9710006662644446,157392001,2602320,72712192,72712192,0.161807
pg16-main,postgres:16,4096,skew,partition,256,True,3,0.078668,0.09127033408731222,1.9954409589990973,157392001,1407752,84066304,15228928,0.345801
pg17-larger-tail,postgres:17,16384,tail,delete,256,True,1,0.191078,0.37019649986177683,8.489109207876027,629518726,177217328,286949376,286949376,0.89688
pg17-larger-tail,postgres:17,16384,tail,partition,256,True,1,0.107903,0.1347391251474619,8.30442529078573,629518726,4328112,300818432,58335232,1.327237
pg17-larger-tail,postgres:17,16384,tail,split,256,True,1,0.10450599999999999,0.20973954070359468,8.518583666998893,629518726,48237824,288538624,107159552,0.739588
pg17-larger-tail,postgres:17,16384,tail,copy,256,True,1,0.134846,0.1377336671575904,7.99460070906207,629518726,58725800,286949376,57352192,0.658468
pg17-larger-tail,postgres:17,16384,tail,delete,256,True,2,0.19525,0.3129895837046206,8.115423999726772,629518726,224837768,286949376,286949376,0.656565
pg17-larger-tail,postgres:17,16384,tail,copy,256,True,2,0.131027,0.13439287478104234,7.9323664996773005,629518726,58736408,286949376,57352192,0.65353
pg17-larger-tail,postgres:17,16384,tail,split,256,True,2,0.880065,0.9916644576005638,8.110816999804229,629518726,48517680,288538624,107184128,0.682445
pg17-larger-tail,postgres:17,16384,tail,partition,256,True,2,0.118593,0.1434207921847701,8.061941124964505,629518726,4667576,300818432,58335232,1.335641
pg17-larger-tail,postgres:17,16384,tail,split,256,True,3,0.101271,0.20096229203045368,8.073869707994163,629518726,48237992,288538624,107159552,0.723393
pg17-larger-tail,postgres:17,16384,tail,copy,256,True,3,0.123063,0.12600933387875557,7.762894792016596,629518726,58616400,286949376,57352192,0.647891
pg17-larger-tail,postgres:17,16384,tail,delete,256,True,3,0.180569,0.2883457918651402,7.696578790899366,629518726,207096296,286949376,286949376,0.663711
pg17-larger-tail,postgres:17,16384,tail,partition,256,True,3,0.061524,0.0845986669883132,7.911439042072743,629518726,4684088,300818432,58384384,1.268594
pg17-daily-payload,postgres:17,4096,typical,split_daily,256,True,1,0.028891,0.05700149992480874,1.3262693341821432,101401801,1383464,53288960,22462464,0.170319
pg17-daily-payload,postgres:17,4096,typical,split_daily,256,True,2,0.02851,0.055700582917779684,1.2622749591246247,101401801,1383344,53288960,22462464,0.144292
pg17-daily-payload,postgres:17,4096,typical,split_daily,256,True,3,0.029419999999999998,0.05761674977838993,1.3150747907347977,101401801,1383568,53288960,22462464,0.141245
pg17-daily-payload,postgres:17,4096,tail,split_daily,256,True,1,0.040409,0.07446879195049405,2.034826416056603,156866761,12631224,76201984,27295744,0.182688
pg17-daily-payload,postgres:17,4096,tail,split_daily,256,True,2,0.030876999999999998,0.05816925037652254,2.0479040420614183,156866761,1384216,76201984,27295744,0.165979
pg17-daily-payload,postgres:17,4096,tail,split_daily,256,True,3,0.029882,0.058490416035056114,1.9805869590491056,156866761,1384224,76201984,27295744,0.168302
pg17-daily-payload,postgres:17,4096,skew,split_daily,256,True,1,0.030632,0.06191024975851178,1.9784420831128955,157392001,13376832,76881920,27975680,0.175952
pg17-daily-payload,postgres:17,4096,skew,split_daily,256,True,2,0.03003,0.05847383290529251,1.9842090420424938,157392001,1546272,76881920,27975680,0.164381
pg17-daily-payload,postgres:17,4096,skew,split_daily,256,True,3,0.029383,0.05824950011447072,2.017312833573669,157392001,1576816,76881920,27975680,0.17427
pg16-daily-payload,postgres:16,4096,typical,split_daily,256,True,1,0.030631,0.05976129183545709,1.2919811671599746,101401801,1384952,53288960,22462464,0.15179
pg16-daily-payload,postgres:16,4096,typical,split_daily,256,True,2,0.029464999999999998,0.05806633364409208,1.3225170830264688,101401801,1384816,53288960,22462464,0.162262
pg16-daily-payload,postgres:16,4096,typical,split_daily,256,True,3,0.032155,0.062114750035107136,1.2993259578943253,101401801,1384976,53288960,22462464,0.152284
pg16-daily-payload,postgres:16,4096,tail,split_daily,256,True,1,0.031319,0.0634375000372529,2.0696017500013113,156866761,12641288,76201984,27295744,0.188037
pg16-daily-payload,postgres:16,4096,tail,split_daily,256,True,2,0.031648,0.06131412507966161,2.0271947919391096,156866761,1385336,76201984,27295744,0.171118
pg16-daily-payload,postgres:16,4096,tail,split_daily,256,True,3,0.032738,0.06498245894908905,2.055139500182122,156866761,1385464,76201984,27295744,0.173558
pg16-daily-payload,postgres:16,4096,skew,split_daily,256,True,1,0.035353,0.0646756668575108,2.155281082727015,157392001,13386896,76881920,27975680,0.197617
pg16-daily-payload,postgres:16,4096,skew,split_daily,256,True,2,0.032986,0.0630607083439827,2.2009407496079803,157392001,1547416,76881920,27975680,0.182569
pg16-daily-payload,postgres:16,4096,skew,split_daily,256,True,3,0.033027,0.06158058298751712,2.1781898750923574,157392001,1555720,76881920,27975680,0.186008
pg17-batch64,postgres:17,4096,typical,delete,64,True,1,0.033902,0.111929917242378,1.3989094160497189,101401801,1964136,49102848,49102848,0.141506
pg17-batch64,postgres:17,4096,typical,delete,64,True,2,0.033318,0.11003979202359915,1.4062120411545038,101401801,1964288,49102848,49102848,0.149014
pg17-batch64,postgres:17,4096,typical,delete,64,True,3,0.033427,0.11558479210361838,1.376321957912296,101401801,1964256,49102848,49102848,0.147729
pg17-batch1024,postgres:17,4096,typical,delete,1024,True,1,0.0238,0.030266791116446257,1.486113874707371,101401801,1937560,49102848,49102848,0.148231
pg17-batch1024,postgres:17,4096,typical,delete,1024,True,2,0.035372,0.05053845886141062,1.3266104166395962,101401801,1937560,49102848,49102848,0.13798
pg17-batch1024,postgres:17,4096,typical,delete,1024,True,3,0.023849000000000002,0.030257334001362324,1.3598657501861453,101401801,1937584,49102848,49102848,0.140918
pg17-no-fk-index,postgres:17,4096,typical,delete,256,False,1,1.034664,1.065250291954726,1.3582677920348942,101401801,1973184,48693248,48693248,0.137629
pg17-no-fk-index,postgres:17,4096,typical,delete,256,False,2,1.103243,1.1320908339694142,1.4889637092128396,101401801,1973168,48693248,48693248,0.144467
pg17-no-fk-index,postgres:17,4096,typical,delete,256,False,3,1.016762,1.0418224576860666,1.3813922083936632,101401801,1973272,48693248,48693248,0.132667
aurora-main,aurora,4096,typical,delete,256,True,1,0.163292,5.22014491725713,35.38033691607416,101565478,,49102848,49152000,1.944063
aurora-main,aurora,4096,typical,partition,256,True,1,0.782375,1.704690707847476,36.95553462486714,101565478,,60170240,10387456,7.964732
aurora-main,aurora,4096,typical,split,256,True,1,0.181859,5.41746391588822,35.94805737538263,101565478,,49610752,22511616,5.655454
aurora-main,aurora,4096,typical,copy,256,True,1,1.249124,1.6272394587285817,36.12743758317083,101565478,,49102848,10043392,6.259973
aurora-main,aurora,4096,typical,delete,256,True,2,0.256723,5.323712416924536,36.12327437475324,101565478,,49102848,49152000,5.442093
aurora-main,aurora,4096,typical,copy,256,True,2,0.636581,1.1075802077539265,33.905299375299364,101565478,,49102848,10043392,5.278271
aurora-main,aurora,4096,typical,split,256,True,2,0.188923,5.512805250007659,36.54863129230216,101565478,,49610752,22511616,6.128941
aurora-main,aurora,4096,typical,partition,256,True,2,1.115246,2.420662292279303,36.41498624999076,101565478,,60170240,10387456,5.648463
aurora-main,aurora,4096,typical,split,256,True,3,0.24031200000000003,5.695680250413716,35.28277404233813,101565478,,49610752,22634496,5.355383
aurora-main,aurora,4096,typical,copy,256,True,3,0.433274,0.8856527078896761,34.55675383284688,101565478,,49102848,10043392,3.431213
aurora-main,aurora,4096,typical,delete,256,True,3,0.152247,4.899641124997288,35.00081129092723,101565478,,49102848,49201152,5.65538
aurora-main,aurora,4096,typical,partition,256,True,3,0.962796,1.8279762919992208,36.81828995794058,101565478,,60170240,10387456,6.007567
aurora-main,aurora,4096,tail,delete,256,True,1,0.265815,5.389678416308016,41.50585879199207,157030438,,72032256,72204288,2.659362
aurora-main,aurora,4096,tail,partition,256,True,1,1.366366,2.4857985842972994,42.53018750017509,157030438,,83025920,15097856,8.159527
aurora-main,aurora,4096,tail,split,256,True,1,0.288148,6.013484375085682,40.82939358288422,157030438,,72531968,27344896,6.570068
aurora-main,aurora,4096,tail,copy,256,True,1,1.784301,2.254941209219396,39.51620658300817,157030438,,72032256,14778368,7.377841
aurora-main,aurora,4096,tail,delete,256,True,2,0.222439,4.948806874919683,40.248029415961355,157030438,,72032256,72081408,6.755282
aurora-main,aurora,4096,tail,copy,256,True,2,1.346154,1.7611413327977061,40.4744757078588,157030438,,72032256,14778368,6.459707
aurora-main,aurora,4096,tail,split,256,True,2,0.187173,5.348109916783869,41.5796924168244,157030438,,72531968,27344896,6.90871
aurora-main,aurora,4096,tail,partition,256,True,2,1.575205,2.7323349160142243,41.74636925011873,157030438,,83025920,15097856,7.73942
aurora-main,aurora,4096,tail,split,256,True,3,0.31247499999999995,6.5648563746362925,40.61372779076919,157030438,,72531968,27492352,6.767475
aurora-main,aurora,4096,tail,copy,256,True,3,1.400163,1.835395459085703,39.03962370892987,157030438,,72032256,14778368,6.644356
aurora-main,aurora,4096,tail,delete,256,True,3,0.203821,5.251830915920436,42.341504708863795,157030438,,72032256,72081408,9.807513
aurora-main,aurora,4096,tail,partition,256,True,3,0.994914,2.2212032503448427,42.454459459055215,157030438,,83025920,15089664,7.716382
aurora-main,aurora,4096,skew,delete,256,True,1,0.456647,5.480397500097752,42.74894112488255,157504258,,72712192,72761344,4.528629
aurora-main,aurora,4096,skew,partition,256,True,1,1.247081,2.1742486669681966,41.852617874741554,157504258,,84066304,15261696,9.613908
aurora-main,aurora,4096,skew,split,256,True,1,0.424467,5.7027564169839025,41.86471404181793,157504258,,73220096,28024832,8.066845
aurora-main,aurora,4096,skew,copy,256,True,1,1.323911,1.704274957999587,42.04225795902312,157504258,,72728576,14901248,6.482173
aurora-main,aurora,4096,skew,delete,256,True,2,0.357979,5.803028792142868,40.97959658270702,157504258,,72712192,72761344,8.907482
aurora-main,aurora,4096,skew,copy,256,True,2,1.727553,2.170973875094205,40.842137459199876,157504258,,72712192,14901248,7.014826
aurora-main,aurora,4096,skew,split,256,True,2,0.189598,5.315365749876946,40.50037920800969,157504258,,73220096,28024832,6.715458
aurora-main,aurora,4096,skew,partition,256,True,2,1.139541,2.1915202918462455,40.63628170778975,157504258,,84066304,15261696,7.825042
aurora-main,aurora,4096,skew,split,256,True,3,0.266689,5.707111416850239,39.75872812513262,157504258,,73220096,28024832,7.578841
aurora-main,aurora,4096,skew,copy,256,True,3,1.86556,2.347283124923706,40.559443292208016,157504258,,72712192,14901248,6.747185
aurora-main,aurora,4096,skew,delete,256,True,3,0.241854,5.25950041692704,40.41354637499899,157504258,,72712192,72810496,6.478148
aurora-main,aurora,4096,skew,partition,256,True,3,1.234198,2.2414155825972557,42.628755332902074,157504258,,84066304,15261696,9.816998
pg17-larger-typical,postgres:17,32768,typical,delete,256,True,1,0.395356,0.6551218749955297,12.147061083000153,811640426,302529680,390840320,390840320,1.492811
pg17-larger-typical,postgres:17,32768,typical,partition,256,True,1,0.132734,0.1604931252077222,10.78593979217112,811640426,5155656,409526272,80224256,2.795889
pg17-larger-typical,postgres:17,32768,typical,split_daily,256,True,1,0.301889,0.5388291659764946,11.26017929194495,811640426,83098864,398893056,177266688,1.295453
pg17-larger-typical,postgres:17,32768,typical,copy,256,True,1,0.246795,0.24985429178923368,10.715866290964186,811640426,80396240,390840320,78151680,1.282321
pg17-larger-typical,postgres:17,32768,typical,delete,256,True,2,0.31782900000000003,0.5129993329755962,9.940908249933273,811640426,302796520,390840320,390889472,1.086452
pg17-larger-typical,postgres:17,32768,typical,copy,256,True,2,0.238043,0.2411707080900669,9.640797375235707,811640426,80321168,390840320,78151680,1.342011
pg17-larger-typical,postgres:17,32768,typical,split_daily,256,True,2,0.252966,0.451041541993618,10.056212792173028,811640426,78638104,398893056,177266688,1.3854
pg17-larger-typical,postgres:17,32768,typical,partition,256,True,2,1.219832,1.248895333148539,9.515305125154555,811640426,4937928,409526272,80224256,2.433003
pg17-larger-typical,postgres:17,32768,typical,split_daily,256,True,3,0.26562800000000003,0.49150741612538695,9.857110458891839,811640426,96703544,398893056,177266688,1.280535
pg17-larger-typical,postgres:17,32768,typical,copy,256,True,3,0.252003,0.2561978748999536,9.283084707800299,811640426,80385960,390840320,78151680,1.201676
pg17-larger-typical,postgres:17,32768,typical,delete,256,True,3,0.376231,0.5963505418039858,9.477159666828811,811640426,302424344,390840320,390840320,1.146176
pg17-larger-typical,postgres:17,32768,typical,partition,256,True,3,0.074091,0.10360987484455109,9.820821874774992,811640426,5232360,409526272,80273408,2.629494
aurora-daily-payload,aurora,4096,typical,split_daily,256,True,1,0.403941,6.013403499964625,35.674967624712735,101565478,,53313536,22544384,2.42804
aurora-daily-payload,aurora,4096,typical,split_daily,256,True,2,0.294229,5.90395083418116,33.713146707974374,101565478,,53313536,22544384,6.540042
aurora-daily-payload,aurora,4096,typical,split_daily,256,True,3,0.436755,6.397038292139769,33.47311975015327,101565478,,53313536,22544384,5.182786
aurora-daily-payload,aurora,4096,tail,split_daily,256,True,1,0.418295,5.777560499962419,40.73284970829263,157030438,,76201984,27344896,2.907162
aurora-daily-payload,aurora,4096,tail,split_daily,256,True,2,0.327839,5.793725000228733,40.844545791856945,157030438,,76201984,27344896,8.207467
aurora-daily-payload,aurora,4096,tail,split_daily,256,True,3,0.5173,6.143104082904756,42.3974749580957,157030438,,76201984,27344896,7.301222
aurora-daily-payload,aurora,4096,skew,split_daily,256,True,1,0.51503,6.114227042067796,42.108129790984094,157504258,,76873728,28024832,4.372534
aurora-daily-payload,aurora,4096,skew,split_daily,256,True,2,0.478196,5.82167175039649,41.974967499729246,157504258,,76890112,28221440,8.183869
aurora-daily-payload,aurora,4096,skew,split_daily,256,True,3,0.373393,5.987510290928185,41.11300929216668,157504258,,76873728,28147712,7.975614
